capture_id,protocol,motion,alignment_index,geometry_time,snapshot_time,geometry_version,dynamic,all_rtk_fixed,source_geometry_fit_rms_m,anchor_ids,yaw_deg,translation_east_m,translation_north_m,fit_rmse_m,fit_p95_m,fit_max_m
flextdoa_final_dynamic_20260812,flextdoa,dynamic,0,1786563153.5941043,1786563153.9390767,100,False,False,0.0,"2,3,4,5",8.698150982021387,-0.24185896364789605,-4.433333206619627,0.8593479334472318,1.239817958357227,1.3202263366253029
flextdoa_final_dynamic_20260812,flextdoa,dynamic,1,1786563154.587595,1786563154.717464,100,False,False,0.0,"2,3,4,5",8.698150982021387,-0.24185896364789605,-4.433333206619627,0.8593479334472318,1.239817958357227,1.3202263366253029
flextdoa_final_dynamic_20260812,flextdoa,dynamic,2,1786563155.666155,1786563156.130882,100,False,False,0.0,"2,3,4,5",8.698150982021387,-0.24185896364789605,-4.433333206619627,0.8593479334472318,1.239817958357227,1.3202263366253029
flextdoa_final_dynamic_20260812,flextdoa,dynamic,3,1786563156.655207,1786563156.7686026,100,False,False,0.0,"2,3,4,5",8.698150982021387,-0.24185896364789605,-4.433333206619627,0.8593479334472318,1.239817958357227,1.3202263366253029
flextdoa_final_dynamic_20260812,flextdoa,dynamic,4,1786563157.6825302,1786563158.5120165,100,False,False,0.0,"2,3,4,5",8.698150982021387,-0.24185896364789605,-4.433333206619627,0.8593479334472318,1.239817958357227,1.3202263366253029
flextdoa_final_dynamic_20260812,flextdoa,dynamic,5,1786563158.7055197,1786563159.3383436,100,False,False,0.0,"2,3,4,5",8.698150982021387,-0.24185896364789605,-4.433333206619627,0.8593479334472318,1.239817958357227,1.3202263366253029
flextdoa_final_dynamic_20260812,flextdoa,dynamic,6,1786563160.109912,1786563160.6517558,100,False,False,0.0,"2,3,4,5",8.698150982021387,-0.24185896364789605,-4.433333206619627,0.8593479334472318,1.239817958357227,1.3202263366253029
flextdoa_final_dynamic_20260812,flextdoa,dynamic,7,1786563161.0403292,1786563161.39921,100,False,False,0.0,"2,3,4,5",8.698150982021387,-0.24185896364789605,-4.433333206619627,0.8593479334472318,1.239817958357227,1.3202263366253029
flextdoa_final_dynamic_20260812,flextdoa,dynamic,8,1786563162.0770555,1786563162.2781293,100,False,False,0.0,"2,3,4,5",8.698150982021387,-0.24185896364789605,-4.433333206619627,0.8593479334472318,1.239817958357227,1.3202263366253029
flextdoa_final_dynamic_20260812,flextdoa,dynamic,9,1786563163.1958685,1786563163.8160267,100,False,False,0.0,"2,3,4,5",8.698150982021387,-0.24185896364789605,-4.433333206619627,0.8593479334472318,1.239817958357227,1.3202263366253029
flextdoa_final_dynamic_20260812,flextdoa,dynamic,10,1786563164.1666844,1786563164.5366597,100,False,False,0.0,"2,3,4,5",8.698150982021387,-0.24185896364789605,-4.433333206619627,0.8593479334472318,1.239817958357227,1.3202263366253029
flextdoa_final_dynamic_20260812,flextdoa,dynamic,11,1786563165.3640842,1786563165.9719074,100,False,False,0.0,"2,3,4,5",8.698150982021387,-0.24185896364789605,-4.433333206619627,0.8593479334472318,1.239817958357227,1.3202263366253029
flextdoa_final_dynamic_20260812,flextdoa,dynamic,12,1786563166.3805704,1786563166.833489,100,False,False,0.0,"2,3,4,5",8.698150982021387,-0.24185896364789605,-4.433333206619627,0.8593479334472318,1.239817958357227,1.3202263366253029
flextdoa_final_dynamic_20260812,flextdoa,dynamic,13,1786563167.4022348,1786563167.569628,100,False,False,0.0,"2,3,4,5",8.698150982021387,-0.24185896364789605,-4.433333206619627,0.8593479334472318,1.239817958357227,1.3202263366253029
flextdoa_final_dynamic_20260812,flextdoa,dynamic,14,1786563168.3851526,1786563168.9869409,100,False,False,0.0,"2,3,4,5",8.698150982021387,-0.24185896364789605,-4.433333206619627,0.8593479334472318,1.239817958357227,1.3202263366253029
flextdoa_final_dynamic_20260812,flextdoa,dynamic,15,1786563169.4149919,1786563169.7143755,100,False,False,0.0,"2,3,4,5",8.698150982021387,-0.24185896364789605,-4.433333206619627,0.8593479334472318,1.239817958357227,1.3202263366253029
flextdoa_final_dynamic_20260812,flextdoa,dynamic,16,1786563170.4457881,1786563171.2359672,100,False,False,0.0,"2,3,4,5",8.698150982021387,-0.24185896364789605,-4.433333206619627,0.8593479334472318,1.239817958357227,1.3202263366253029
flextdoa_final_dynamic_20260812,flextdoa,dynamic,17,1786563171.4478962,1786563172.0620146,100,False,False,0.0,"2,3,4,5",8.698150982021387,-0.24185896364789605,-4.433333206619627,0.8593479334472318,1.239817958357227,1.3202263366253029
flextdoa_final_dynamic_20260812,flextdoa,dynamic,18,1786563172.4747381,1786563172.739634,100,False,False,0.0,"2,3,4,5",8.698150982021387,-0.24185896364789605,-4.433333206619627,0.8593479334472318,1.239817958357227,1.3202263366253029
flextdoa_final_dynamic_20260812,flextdoa,dynamic,19,1786563173.4513657,1786563173.9004722,100,False,False,0.0,"2,3,4,5",8.698150982021387,-0.24185896364789605,-4.433333206619627,0.8593479334472318,1.239817958357227,1.3202263366253029
flextdoa_final_dynamic_20260812,flextdoa,dynamic,20,1786563174.4735224,1786563174.7766368,100,False,False,0.0,"2,3,4,5",8.698150982021387,-0.24185896364789605,-4.433333206619627,0.8593479334472318,1.239817958357227,1.3202263366253029
flextdoa_final_dynamic_20260812,flextdoa,dynamic,21,1786563175.4920547,1786563176.1782231,100,False,False,0.0,"2,3,4,5",8.698150982021387,-0.24185896364789605,-4.433333206619627,0.8593479334472318,1.239817958357227,1.3202263366253029
flextdoa_final_dynamic_20260812,flextdoa,dynamic,22,1786563177.5735495,1786563178.1921043,100,False,False,0.0,"2,3,4,5",8.698150982021387,-0.24185896364789605,-4.433333206619627,0.8593479334472318,1.239817958357227,1.3202263366253029
flextdoa_final_dynamic_20260812,flextdoa,dynamic,23,1786563178.5855765,1786563178.9764416,100,False,False,0.0,"2,3,4,5",8.698150982021387,-0.24185896364789605,-4.433333206619627,0.8593479334472318,1.239817958357227,1.3202263366253029
flextdoa_final_dynamic_20260812,flextdoa,dynamic,24,1786563179.6546187,1786563180.368262,100,False,False,0.0,"2,3,4,5",8.698150982021387,-0.24185896364789605,-4.433333206619627,0.8593479334472318,1.239817958357227,1.3202263366253029
flextdoa_final_dynamic_20260812,flextdoa,dynamic,25,1786563180.6255937,1786563181.0528805,100,False,False,0.0,"2,3,4,5",8.698150982021387,-0.24185896364789605,-4.433333206619627,0.8593479334472318,1.239817958357227,1.3202263366253029
flextdoa_final_dynamic_20260812,flextdoa,dynamic,26,1786563181.65928,1786563182.1032052,100,False,False,0.0,"2,3,4,5",8.698150982021387,-0.24185896364789605,-4.433333206619627,0.8593479334472318,1.239817958357227,1.3202263366253029
flextdoa_final_dynamic_20260812,flextdoa,dynamic,27,1786563182.6757817,1786563182.8313367,100,False,False,0.0,"2,3,4,5",8.698150982021387,-0.24185896364789605,-4.433333206619627,0.8593479334472318,1.239817958357227,1.3202263366253029
flextdoa_final_dynamic_20260812,flextdoa,dynamic,28,1786563183.686234,1786563183.823522,100,False,False,0.0,"2,3,4,5",8.698150982021387,-0.24185896364789605,-4.433333206619627,0.8593479334472318,1.239817958357227,1.3202263366253029
flextdoa_final_dynamic_20260812,flextdoa,dynamic,29,1786563184.7813632,1786563185.1452894,100,False,False,0.0,"2,3,4,5",8.698150982021387,-0.24185896364789605,-4.433333206619627,0.8593479334472318,1.239817958357227,1.3202263366253029
flextdoa_final_dynamic_20260812,flextdoa,dynamic,30,1786563185.780387,1786563185.879692,100,False,False,0.0,"2,3,4,5",8.698150982021387,-0.24185896364789605,-4.433333206619627,0.8593479334472318,1.239817958357227,1.3202263366253029
flextdoa_final_dynamic_20260812,flextdoa,dynamic,31,1786563186.746776,1786563187.30195,100,False,False,0.0,"2,3,4,5",8.698150982021387,-0.24185896364789605,-4.433333206619627,0.8593479334472318,1.239817958357227,1.3202263366253029
flextdoa_final_dynamic_20260812,flextdoa,dynamic,32,1786563187.7668114,1786563187.9734817,100,False,False,0.0,"2,3,4,5",8.698150982021387,-0.24185896364789605,-4.433333206619627,0.8593479334472318,1.239817958357227,1.3202263366253029
flextdoa_final_dynamic_20260812,flextdoa,dynamic,33,1786563188.9219909,1786563189.3248959,100,False,False,0.0,"2,3,4,5",8.698150982021387,-0.24185896364789605,-4.433333206619627,0.8593479334472318,1.239817958357227,1.3202263366253029
flextdoa_final_dynamic_20260812,flextdoa,dynamic,34,1786563189.941656,1786563190.4629586,100,False,False,0.0,"2,3,4,5",8.698150982021387,-0.24185896364789605,-4.433333206619627,0.8593479334472318,1.239817958357227,1.3202263366253029
flextdoa_final_dynamic_20260812,flextdoa,dynamic,35,1786563190.932404,1786563191.29812,100,False,False,0.0,"2,3,4,5",8.698150982021387,-0.24185896364789605,-4.433333206619627,0.8593479334472318,1.239817958357227,1.3202263366253029
flextdoa_final_dynamic_20260812,flextdoa,dynamic,36,1786563191.9599636,1786563192.078211,100,False,False,0.0,"2,3,4,5",8.698150982021387,-0.24185896364789605,-4.433333206619627,0.8593479334472318,1.239817958357227,1.3202263366253029
flextdoa_final_dynamic_20260812,flextdoa,dynamic,37,1786563192.991093,1786563193.3266435,100,False,False,0.0,"2,3,4,5",8.698150982021387,-0.24185896364789605,-4.433333206619627,0.8593479334472318,1.239817958357227,1.3202263366253029
flextdoa_final_dynamic_20260812,flextdoa,dynamic,38,1786563194.0562437,1786563194.7333515,100,False,False,0.0,"2,3,4,5",8.698150982021387,-0.24185896364789605,-4.433333206619627,0.8593479334472318,1.239817958357227,1.3202263366253029
flextdoa_final_dynamic_20260812,flextdoa,dynamic,39,1786563195.1241748,1786563195.7128336,100,False,False,0.0,"2,3,4,5",8.698150982021387,-0.24185896364789605,-4.433333206619627,0.8593479334472318,1.239817958357227,1.3202263366253029
flextdoa_final_dynamic_20260812,flextdoa,dynamic,40,1786563196.0962367,1786563196.3734288,100,False,False,0.0,"2,3,4,5",8.698150982021387,-0.24185896364789605,-4.433333206619627,0.8593479334472318,1.239817958357227,1.3202263366253029
flextdoa_final_dynamic_20260812,flextdoa,dynamic,41,1786563197.1194642,1786563197.1336389,100,False,False,0.0,"2,3,4,5",8.698150982021387,-0.24185896364789605,-4.433333206619627,0.8593479334472318,1.239817958357227,1.3202263366253029
flextdoa_final_dynamic_20260812,flextdoa,dynamic,42,1786563198.1361403,1786563198.3830984,100,False,False,0.0,"2,3,4,5",8.698150982021387,-0.24185896364789605,-4.433333206619627,0.8593479334472318,1.239817958357227,1.3202263366253029
flextdoa_final_dynamic_20260812,flextdoa,dynamic,43,1786563199.2132227,1786563199.7653673,100,False,False,0.0,"2,3,4,5",8.698150982021387,-0.24185896364789605,-4.433333206619627,0.8593479334472318,1.239817958357227,1.3202263366253029
flextdoa_final_dynamic_20260812,flextdoa,dynamic,44,1786563200.3742473,1786563200.4207277,100,False,False,0.0,"2,3,4,5",8.698150982021387,-0.24185896364789605,-4.433333206619627,0.8593479334472318,1.239817958357227,1.3202263366253029
flextdoa_final_dynamic_20260812,flextdoa,dynamic,45,1786563201.3582351,1786563201.604058,100,False,False,0.0,"2,3,4,5",8.698150982021387,-0.24185896364789605,-4.433333206619627,0.8593479334472318,1.239817958357227,1.3202263366253029
flextdoa_final_dynamic_20260812,flextdoa,dynamic,46,1786563202.4034534,1786563203.146659,100,False,False,0.0,"2,3,4,5",8.698150982021387,-0.24185896364789605,-4.433333206619627,0.8593479334472318,1.239817958357227,1.3202263366253029
flextdoa_final_dynamic_20260812,flextdoa,dynamic,47,1786563203.4296167,1786563203.783595,100,False,False,0.0,"2,3,4,5",8.698150982021387,-0.24185896364789605,-4.433333206619627,0.8593479334472318,1.239817958357227,1.3202263366253029
flextdoa_final_dynamic_20260812,flextdoa,dynamic,48,1786563204.492047,1786563205.3185284,100,False,False,0.0,"2,3,4,5",8.698150982021387,-0.24185896364789605,-4.433333206619627,0.8593479334472318,1.239817958357227,1.3202263366253029
flextdoa_final_dynamic_20260812,flextdoa,dynamic,49,1786563205.420828,1786563205.688587,100,False,False,0.0,"2,3,4,5",8.698150982021387,-0.24185896364789605,-4.433333206619627,0.8593479334472318,1.239817958357227,1.3202263366253029
flextdoa_final_dynamic_20260812,flextdoa,dynamic,50,1786563206.6413167,1786563207.115171,100,False,False,0.0,"2,3,4,5",8.698150982021387,-0.24185896364789605,-4.433333206619627,0.8593479334472318,1.239817958357227,1.3202263366253029
flextdoa_final_dynamic_20260812,flextdoa,dynamic,51,1786563207.4863644,1786563207.9056711,100,False,False,0.0,"2,3,4,5",8.698150982021387,-0.24185896364789605,-4.433333206619627,0.8593479334472318,1.239817958357227,1.3202263366253029
flextdoa_final_dynamic_20260812,flextdoa,dynamic,52,1786563208.5066292,1786563208.5328112,100,False,False,0.0,"2,3,4,5",8.698150982021387,-0.24185896364789605,-4.433333206619627,0.8593479334472318,1.239817958357227,1.3202263366253029
flextdoa_final_dynamic_20260812,flextdoa,dynamic,53,1786563209.5516405,1786563210.3823667,100,False,False,0.0,"2,3,4,5",8.698150982021387,-0.24185896364789605,-4.433333206619627,0.8593479334472318,1.239817958357227,1.3202263366253029
flextdoa_final_dynamic_20260812,flextdoa,dynamic,54,1786563210.5473454,1786563211.080523,100,False,False,0.0,"2,3,4,5",8.698150982021387,-0.24185896364789605,-4.433333206619627,0.8593479334472318,1.239817958357227,1.3202263366253029
flextdoa_final_dynamic_20260812,flextdoa,dynamic,55,1786563211.5463731,1786563211.8111963,100,False,False,0.0,"2,3,4,5",8.698150982021387,-0.24185896364789605,-4.433333206619627,0.8593479334472318,1.239817958357227,1.3202263366253029
flextdoa_final_dynamic_20260812,flextdoa,dynamic,56,1786563212.5723064,1786563213.052109,100,False,False,0.0,"2,3,4,5",8.698150982021387,-0.24185896364789605,-4.433333206619627,0.8593479334472318,1.239817958357227,1.3202263366253029
flextdoa_final_dynamic_20260812,flextdoa,dynamic,57,1786563213.6022165,1786563213.6931694,100,False,False,0.0,"2,3,4,5",8.698150982021387,-0.24185896364789605,-4.433333206619627,0.8593479334472318,1.239817958357227,1.3202263366253029
flextdoa_final_dynamic_20260812,flextdoa,dynamic,58,1786563214.635042,1786563215.109838,100,False,False,0.0,"2,3,4,5",8.698150982021387,-0.24185896364789605,-4.433333206619627,0.8593479334472318,1.239817958357227,1.3202263366253029
flextdoa_final_dynamic_20260812,flextdoa,dynamic,59,1786563215.641541,1786563215.7660458,100,False,False,0.0,"2,3,4,5",8.698150982021387,-0.24185896364789605,-4.433333206619627,0.8593479334472318,1.239817958357227,1.3202263366253029
flextdoa_final_dynamic_20260812,flextdoa,dynamic,60,1786563216.6378875,1786563217.4424102,100,False,False,0.0,"2,3,4,5",8.698150982021387,-0.24185896364789605,-4.433333206619627,0.8593479334472318,1.239817958357227,1.3202263366253029
flextdoa_final_dynamic_20260812,flextdoa,dynamic,61,1786563217.6548016,1786563217.9821482,100,False,False,0.0,"2,3,4,5",8.698150982021387,-0.24185896364789605,-4.433333206619627,0.8593479334472318,1.239817958357227,1.3202263366253029
flextdoa_final_dynamic_20260812,flextdoa,dynamic,62,1786563218.6889737,1786563219.318844,100,False,False,0.0,"2,3,4,5",8.698150982021387,-0.24185896364789605,-4.433333206619627,0.8593479334472318,1.239817958357227,1.3202263366253029
flextdoa_final_dynamic_20260812,flextdoa,dynamic,63,1786563219.6946447,1786563220.1244867,100,False,False,0.0,"2,3,4,5",8.698150982021387,-0.24185896364789605,-4.433333206619627,0.8593479334472318,1.239817958357227,1.3202263366253029
flextdoa_final_dynamic_20260812,flextdoa,dynamic,64,1786563220.7719698,1786563220.9196997,100,False,False,0.0,"2,3,4,5",8.698150982021387,-0.24185896364789605,-4.433333206619627,0.8593479334472318,1.239817958357227,1.3202263366253029
flextdoa_final_dynamic_20260812,flextdoa,dynamic,65,1786563222.795206,1786563223.175829,100,False,False,0.0,"2,3,4,5",8.698150982021387,-0.24185896364789605,-4.433333206619627,0.8593479334472318,1.239817958357227,1.3202263366253029
flextdoa_final_dynamic_20260812,flextdoa,dynamic,66,1786563223.8330653,1786563224.1343205,100,False,False,0.0,"2,3,4,5",8.698150982021387,-0.24185896364789605,-4.433333206619627,0.8593479334472318,1.239817958357227,1.3202263366253029
flextdoa_final_dynamic_20260812,flextdoa,dynamic,67,1786563224.832918,1786563225.5433366,100,False,False,0.0,"2,3,4,5",8.698150982021387,-0.24185896364789605,-4.433333206619627,0.8593479334472318,1.239817958357227,1.3202263366253029
flextdoa_final_dynamic_20260812,flextdoa,dynamic,68,1786563225.8462143,1786563226.192281,100,False,False,0.0,"2,3,4,5",8.698150982021387,-0.24185896364789605,-4.433333206619627,0.8593479334472318,1.239817958357227,1.3202263366253029
flextdoa_final_dynamic_20260812,flextdoa,dynamic,69,1786563226.8442655,1786563226.9013314,100,False,False,0.0,"2,3,4,5",8.698150982021387,-0.24185896364789605,-4.433333206619627,0.8593479334472318,1.239817958357227,1.3202263366253029
flextdoa_final_dynamic_20260812,flextdoa,dynamic,70,1786563227.8526325,1786563228.1189303,100,False,False,0.0,"2,3,4,5",8.698150982021387,-0.24185896364789605,-4.433333206619627,0.8593479334472318,1.239817958357227,1.3202263366253029
flextdoa_final_dynamic_20260812,flextdoa,dynamic,71,1786563229.9561954,1786563230.6142576,100,False,False,0.0,"2,3,4,5",8.698150982021387,-0.24185896364789605,-4.433333206619627,0.8593479334472318,1.239817958357227,1.3202263366253029
flextdoa_final_dynamic_20260812,flextdoa,dynamic,72,1786563231.000725,1786563231.167152,100,False,False,0.0,"2,3,4,5",8.698150982021387,-0.24185896364789605,-4.433333206619627,0.8593479334472318,1.239817958357227,1.3202263366253029
flextdoa_final_dynamic_20260812,flextdoa,dynamic,73,1786563231.9411733,1786563231.9925232,100,False,False,0.0,"2,3,4,5",8.698150982021387,-0.24185896364789605,-4.433333206619627,0.8593479334472318,1.239817958357227,1.3202263366253029
flextdoa_final_dynamic_20260812,flextdoa,dynamic,74,1786563232.9668105,1786563233.6843033,100,False,False,0.0,"2,3,4,5",8.698150982021387,-0.24185896364789605,-4.433333206619627,0.8593479334472318,1.239817958357227,1.3202263366253029
flextdoa_final_dynamic_20260812,flextdoa,dynamic,75,1786563233.9741113,1786563234.3667407,100,False,False,0.0,"2,3,4,5",8.698150982021387,-0.24185896364789605,-4.433333206619627,0.8593479334472318,1.239817958357227,1.3202263366253029
flextdoa_final_dynamic_20260812,flextdoa,dynamic,76,1786563234.9701204,1786563235.6560075,100,False,False,0.0,"2,3,4,5",8.698150982021387,-0.24185896364789605,-4.433333206619627,0.8593479334472318,1.239817958357227,1.3202263366253029
flextdoa_final_dynamic_20260812,flextdoa,dynamic,77,1786563235.979246,1786563236.3994331,100,False,False,0.0,"2,3,4,5",8.698150982021387,-0.24185896364789605,-4.433333206619627,0.8593479334472318,1.239817958357227,1.3202263366253029
flextdoa_static_final_01,flextdoa,static,0,1786563563.476771,1786563563.8570845,100,False,False,0.0,"2,3,4",-4.770024835165837,-1.2418713140216016,-4.051802962098156,0.9302771434189658,1.204050829050207,1.2338604558209076
flextdoa_static_final_01,flextdoa,static,1,1786563563.5435965,1786563563.5435965,100,False,False,,"2,3,4",-4.770024835165837,-1.2418713140216016,-4.051802962098156,0.9302771434189658,1.204050829050207,1.2338604558209076
flextdoa_static_final_01,flextdoa,static,2,1786563564.5045145,1786563564.5301387,100,False,False,0.0,"2,3,4",-4.770024835165837,-1.2418713140216016,-4.051802962098156,0.9302771434189658,1.204050829050207,1.2338604558209076
flextdoa_static_final_01,flextdoa,static,3,1786563565.5207071,1786563565.7107546,100,False,False,0.0,"2,3,4",-4.770024835165837,-1.2418713140216016,-4.051802962098156,0.9302771434189658,1.204050829050207,1.2338604558209076
flextdoa_static_final_01,flextdoa,static,4,1786563566.535549,1786563567.2213485,100,False,False,0.0,"2,3,4",-4.770024835165837,-1.2418713140216016,-4.051802962098156,0.9302771434189658,1.204050829050207,1.2338604558209076
flextdoa_static_final_01,flextdoa,static,5,1786563567.5103705,1786563567.9289536,100,False,False,0.0,"2,3,4",-4.770024835165837,-1.2418713140216016,-4.051802962098156,0.9302771434189658,1.204050829050207,1.2338604558209076
flextdoa_static_final_01,flextdoa,static,6,1786563568.510848,1786563568.6196604,100,False,False,0.0,"2,3,4",-4.770024835165837,-1.2418713140216016,-4.051802962098156,0.9302771434189658,1.204050829050207,1.2338604558209076
flextdoa_static_final_01,flextdoa,static,7,1786563569.5650225,1786563569.8892334,100,False,False,0.0,"2,3,4",-4.770024835165837,-1.2418713140216016,-4.051802962098156,0.9302771434189658,1.204050829050207,1.2338604558209076
flextdoa_static_final_01,flextdoa,static,8,1786563570.5611703,1786563571.1155336,100,False,False,0.0,"2,3,4",-4.770024835165837,-1.2418713140216016,-4.051802962098156,0.9302771434189658,1.204050829050207,1.2338604558209076
flextdoa_static_final_01,flextdoa,static,9,1786563571.569257,1786563571.6983907,100,False,False,0.0,"2,3,4",-4.770024835165837,-1.2418713140216016,-4.051802962098156,0.9302771434189658,1.204050829050207,1.2338604558209076
flextdoa_static_final_01,flextdoa,static,10,1786563572.6365738,1786563573.2221308,100,False,False,0.0,"2,3,4",-4.770024835165837,-1.2418713140216016,-4.051802962098156,0.9302771434189658,1.204050829050207,1.2338604558209076
flextdoa_static_final_01,flextdoa,static,11,1786563573.6186016,1786563574.0079691,100,False,False,0.0,"2,3,4",-4.770024835165837,-1.2418713140216016,-4.051802962098156,0.9302771434189658,1.204050829050207,1.2338604558209076
flextdoa_static_final_01,flextdoa,static,12,1786563574.770248,1786563575.2771056,100,False,False,0.0,"2,3,4",-4.770024835165837,-1.2418713140216016,-4.051802962098156,0.9302771434189658,1.204050829050207,1.2338604558209076
flextdoa_static_final_01,flextdoa,static,13,1786563575.658676,1786563575.831834,100,False,False,0.0,"2,3,4",-4.770024835165837,-1.2418713140216016,-4.051802962098156,0.9302771434189658,1.204050829050207,1.2338604558209076
flextdoa_static_final_01,flextdoa,static,14,1786563576.6903696,1786563577.216203,100,False,False,0.0,"2,3,4",-4.770024835165837,-1.2418713140216016,-4.051802962098156,0.9302771434189658,1.204050829050207,1.2338604558209076
flextdoa_static_final_01,flextdoa,static,15,1786563577.700853,1786563577.9392793,100,False,False,0.0,"2,3,4",-4.770024835165837,-1.2418713140216016,-4.051802962098156,0.9302771434189658,1.204050829050207,1.2338604558209076
flextdoa_static_final_01,flextdoa,static,16,1786563578.71087,1786563579.1974232,100,False,False,0.0,"2,3,4",-4.770024835165837,-1.2418713140216016,-4.051802962098156,0.9302771434189658,1.204050829050207,1.2338604558209076
flextdoa_static_final_01,flextdoa,static,17,1786563579.7297328,1786563579.849969,100,False,False,0.0,"2,3,4",-4.770024835165837,-1.2418713140216016,-4.051802962098156,0.9302771434189658,1.204050829050207,1.2338604558209076
flextdoa_static_final_01,flextdoa,static,18,1786563580.7788067,1786563581.134005,100,False,False,0.0,"2,3,4",-4.770024835165837,-1.2418713140216016,-4.051802962098156,0.9302771434189658,1.204050829050207,1.2338604558209076
flextdoa_static_final_01,flextdoa,static,19,1786563581.7369945,1786563582.3786364,100,False,False,0.0,"2,3,4",-4.770024835165837,-1.2418713140216016,-4.051802962098156,0.9302771434189658,1.204050829050207,1.2338604558209076
flextdoa_static_final_01,flextdoa,static,20,1786563582.7893615,1786563583.133833,100,False,False,0.0,"2,3,4",-4.770024835165837,-1.2418713140216016,-4.051802962098156,0.9302771434189658,1.204050829050207,1.2338604558209076
flextdoa_static_final_01,flextdoa,static,21,1786563583.8096368,1786563584.3547418,100,False,False,0.0,"2,3,4",-4.770024835165837,-1.2418713140216016,-4.051802962098156,0.9302771434189658,1.204050829050207,1.2338604558209076
flextdoa_static_final_01,flextdoa,static,22,1786563584.8545887,1786563584.9410067,100,False,False,0.0,"2,3,4",-4.770024835165837,-1.2418713140216016,-4.051802962098156,0.9302771434189658,1.204050829050207,1.2338604558209076
flextdoa_static_final_01,flextdoa,static,23,1786563585.8528852,1786563586.4599073,100,False,False,0.0,"2,3,4",-4.770024835165837,-1.2418713140216016,-4.051802962098156,0.9302771434189658,1.204050829050207,1.2338604558209076
flextdoa_static_final_01,flextdoa,static,24,1786563586.847049,1786563587.0499318,100,False,False,0.0,"2,3,4",-4.770024835165837,-1.2418713140216016,-4.051802962098156,0.9302771434189658,1.204050829050207,1.2338604558209076
flextdoa_static_final_01,flextdoa,static,25,1786563587.8948157,1786563588.4331176,100,False,False,0.0,"2,3,4",-4.770024835165837,-1.2418713140216016,-4.051802962098156,0.9302771434189658,1.204050829050207,1.2338604558209076
flextdoa_static_final_01,flextdoa,static,26,1786563588.8770025,1786563589.0738857,100,False,False,0.0,"2,3,4",-4.770024835165837,-1.2418713140216016,-4.051802962098156,0.9302771434189658,1.204050829050207,1.2338604558209076
flextdoa_static_final_01,flextdoa,static,27,1786563589.9067097,1786563590.882587,100,False,False,0.0,"2,3,4",-4.770024835165837,-1.2418713140216016,-4.051802962098156,0.9302771434189658,1.204050829050207,1.2338604558209076
flextdoa_static_final_01,flextdoa,static,28,1786563590.916115,1786563591.6120174,100,False,False,0.0,"2,3,4",-4.770024835165837,-1.2418713140216016,-4.051802962098156,0.9302771434189658,1.204050829050207,1.2338604558209076
flextdoa_static_final_01,flextdoa,static,29,1786563592.955815,1786563593.3428087,100,False,False,0.0,"2,3,4",-4.770024835165837,-1.2418713140216016,-4.051802962098156,0.9302771434189658,1.204050829050207,1.2338604558209076
native_ds_final_dynamic_20260812,native_ds,dynamic,0,1786562890.9812913,1786562892.1048446,100,False,False,0.0,"2,3,4,5",2.393918870985548,-0.6647659593255626,-3.651692763263609,0.6748042180267221,0.8442374771515855,0.8593275168734574
native_ds_final_dynamic_20260812,native_ds,dynamic,1,1786562892.2138464,1786562892.7497902,100,False,False,0.0,"2,3,4,5",2.393918870985548,-0.6647659593255626,-3.651692763263609,0.6748042180267221,0.8442374771515855,0.8593275168734574
native_ds_final_dynamic_20260812,native_ds,dynamic,2,1786562893.4035525,1786562893.9209735,100,False,False,0.0,"2,3,4,5",2.393918870985548,-0.6647659593255626,-3.651692763263609,0.6748042180267221,0.8442374771515855,0.8593275168734574
native_ds_final_dynamic_20260812,native_ds,dynamic,3,1786562894.599842,1786562895.03086,100,False,False,0.0,"2,3,4,5",2.393918870985548,-0.6647659593255626,-3.651692763263609,0.6748042180267221,0.8442374771515855,0.8593275168734574
native_ds_final_dynamic_20260812,native_ds,dynamic,4,1786562895.8761306,1786562896.3111432,100,False,False,0.0,"2,3,4,5",2.393918870985548,-0.6647659593255626,-3.651692763263609,0.6748042180267221,0.8442374771515855,0.8593275168734574
native_ds_final_dynamic_20260812,native_ds,dynamic,5,1786562897.1056135,1786562897.4219353,100,False,False,0.0,"2,3,4,5",2.393918870985548,-0.6647659593255626,-3.651692763263609,0.6748042180267221,0.8442374771515855,0.8593275168734574
native_ds_final_dynamic_20260812,native_ds,dynamic,6,1786562898.3964667,1786562898.4920921,100,False,False,0.0,"2,3,4,5",2.393918870985548,-0.6647659593255626,-3.651692763263609,0.6748042180267221,0.8442374771515855,0.8593275168734574
native_ds_final_dynamic_20260812,native_ds,dynamic,7,1786562899.7368026,1786562900.8648555,100,False,False,0.0,"2,3,4,5",2.393918870985548,-0.6647659593255626,-3.651692763263609,0.6748042180267221,0.8442374771515855,0.8593275168734574
native_ds_final_dynamic_20260812,native_ds,dynamic,8,1786562901.1390226,1786562901.4418838,100,False,False,0.0,"2,3,4,5",2.393918870985548,-0.6647659593255626,-3.651692763263609,0.6748042180267221,0.8442374771515855,0.8593275168734574
native_ds_final_dynamic_20260812,native_ds,dynamic,9,1786562902.3476858,1786562902.5094573,100,False,False,0.0,"2,3,4,5",2.393918870985548,-0.6647659593255626,-3.651692763263609,0.6748042180267221,0.8442374771515855,0.8593275168734574
native_ds_final_dynamic_20260812,native_ds,dynamic,10,1786562903.5559998,1786562903.5766459,100,False,False,0.0,"2,3,4,5",2.393918870985548,-0.6647659593255626,-3.651692763263609,0.6748042180267221,0.8442374771515855,0.8593275168734574
native_ds_final_dynamic_20260812,native_ds,dynamic,11,1786562904.8580687,1786562905.1841626,100,False,False,0.0,"2,3,4,5",2.393918870985548,-0.6647659593255626,-3.651692763263609,0.6748042180267221,0.8442374771515855,0.8593275168734574
native_ds_final_dynamic_20260812,native_ds,dynamic,12,1786562906.198062,1786562906.272175,100,False,False,0.0,"2,3,4,5",2.393918870985548,-0.6647659593255626,-3.651692763263609,0.6748042180267221,0.8442374771515855,0.8593275168734574
native_ds_final_dynamic_20260812,native_ds,dynamic,13,1786562907.4458444,1786562907.5035782,100,False,False,0.0,"2,3,4,5",2.393918870985548,-0.6647659593255626,-3.651692763263609,0.6748042180267221,0.8442374771515855,0.8593275168734574
native_ds_final_dynamic_20260812,native_ds,dynamic,14,1786562908.647333,1786562908.7659805,100,False,False,0.0,"2,3,4,5",2.393918870985548,-0.6647659593255626,-3.651692763263609,0.6748042180267221,0.8442374771515855,0.8593275168734574
native_ds_final_dynamic_20260812,native_ds,dynamic,15,1786562909.858048,1786562910.320837,100,False,False,0.0,"2,3,4,5",2.393918870985548,-0.6647659593255626,-3.651692763263609,0.6748042180267221,0.8442374771515855,0.8593275168734574
native_ds_final_dynamic_20260812,native_ds,dynamic,16,1786562911.0579104,1786562911.4874008,100,False,False,0.0,"2,3,4,5",2.393918870985548,-0.6647659593255626,-3.651692763263609,0.6748042180267221,0.8442374771515855,0.8593275168734574
native_ds_final_dynamic_20260812,native_ds,dynamic,17,1786562912.3978055,1786562912.5557168,100,False,False,0.0,"2,3,4,5",2.393918870985548,-0.6647659593255626,-3.651692763263609,0.6748042180267221,0.8442374771515855,0.8593275168734574
native_ds_final_dynamic_20260812,native_ds,dynamic,18,1786562913.6398208,1786562913.8359013,100,False,False,0.0,"2,3,4,5",2.393918870985548,-0.6647659593255626,-3.651692763263609,0.6748042180267221,0.8442374771515855,0.8593275168734574
native_ds_final_dynamic_20260812,native_ds,dynamic,19,1786562914.8609533,1786562914.8530326,100,False,False,0.0,"2,3,4,5",2.393918870985548,-0.6647659593255626,-3.651692763263609,0.6748042180267221,0.8442374771515855,0.8593275168734574
native_ds_final_dynamic_20260812,native_ds,dynamic,20,1786562916.2371233,1786562916.771587,100,False,False,0.0,"2,3,4,5",2.393918870985548,-0.6647659593255626,-3.651692763263609,0.6748042180267221,0.8442374771515855,0.8593275168734574
native_ds_final_dynamic_20260812,native_ds,dynamic,21,1786562917.567654,1786562918.0220351,100,False,False,0.0,"2,3,4,5",2.393918870985548,-0.6647659593255626,-3.651692763263609,0.6748042180267221,0.8442374771515855,0.8593275168734574
native_ds_final_dynamic_20260812,native_ds,dynamic,22,1786562918.8071148,1786562919.30945,100,False,False,0.0,"2,3,4,5",2.393918870985548,-0.6647659593255626,-3.651692763263609,0.6748042180267221,0.8442374771515855,0.8593275168734574
native_ds_final_dynamic_20260812,native_ds,dynamic,23,1786562920.032488,1786562920.5518305,100,False,False,0.0,"2,3,4,5",2.393918870985548,-0.6647659593255626,-3.651692763263609,0.6748042180267221,0.8442374771515855,0.8593275168734574
native_ds_final_dynamic_20260812,native_ds,dynamic,24,1786562921.2855918,1786562921.5941675,100,False,False,0.0,"2,3,4,5",2.393918870985548,-0.6647659593255626,-3.651692763263609,0.6748042180267221,0.8442374771515855,0.8593275168734574
native_ds_final_dynamic_20260812,native_ds,dynamic,25,1786562922.5145733,1786562922.9022121,100,False,False,0.0,"2,3,4,5",2.393918870985548,-0.6647659593255626,-3.651692763263609,0.6748042180267221,0.8442374771515855,0.8593275168734574
native_ds_final_dynamic_20260812,native_ds,dynamic,26,1786562923.7991877,1786562924.1538684,100,False,False,0.0,"2,3,4,5",2.393918870985548,-0.6647659593255626,-3.651692763263609,0.6748042180267221,0.8442374771515855,0.8593275168734574
native_ds_final_dynamic_20260812,native_ds,dynamic,27,1786562925.0063386,1786562925.569335,100,False,False,0.0,"2,3,4,5",2.393918870985548,-0.6647659593255626,-3.651692763263609,0.6748042180267221,0.8442374771515855,0.8593275168734574
native_ds_final_dynamic_20260812,native_ds,dynamic,28,1786562926.2167585,1786562926.4875014,100,False,False,0.0,"2,3,4,5",2.393918870985548,-0.6647659593255626,-3.651692763263609,0.6748042180267221,0.8442374771515855,0.8593275168734574
native_ds_final_dynamic_20260812,native_ds,dynamic,29,1786562927.4322422,1786562927.5522428,100,False,False,0.0,"2,3,4,5",2.393918870985548,-0.6647659593255626,-3.651692763263609,0.6748042180267221,0.8442374771515855,0.8593275168734574
native_ds_final_dynamic_20260812,native_ds,dynamic,30,1786562928.7174106,1786562928.9847538,100,False,False,0.0,"2,3,4,5",2.393918870985548,-0.6647659593255626,-3.651692763263609,0.6748042180267221,0.8442374771515855,0.8593275168734574
native_ds_final_dynamic_20260812,native_ds,dynamic,31,1786562929.9639473,1786562930.2704635,100,False,False,0.0,"2,3,4,5",2.393918870985548,-0.6647659593255626,-3.651692763263609,0.6748042180267221,0.8442374771515855,0.8593275168734574
native_ds_final_dynamic_20260812,native_ds,dynamic,32,1786562931.1949837,1786562931.5421689,100,False,False,0.0,"2,3,4,5",2.393918870985548,-0.6647659593255626,-3.651692763263609,0.6748042180267221,0.8442374771515855,0.8593275168734574
native_ds_final_dynamic_20260812,native_ds,dynamic,33,1786562932.6671562,1786562933.14092,100,False,False,0.0,"2,3,4,5",2.393918870985548,-0.6647659593255626,-3.651692763263609,0.6748042180267221,0.8442374771515855,0.8593275168734574
native_ds_final_dynamic_20260812,native_ds,dynamic,34,1786562934.1900637,1786562934.2120712,100,False,False,0.0,"2,3,4,5",2.393918870985548,-0.6647659593255626,-3.651692763263609,0.6748042180267221,0.8442374771515855,0.8593275168734574
native_ds_final_dynamic_20260812,native_ds,dynamic,35,1786562935.75057,1786562936.4061153,100,False,False,0.0,"2,3,4,5",2.393918870985548,-0.6647659593255626,-3.651692763263609,0.6748042180267221,0.8442374771515855,0.8593275168734574
native_ds_final_dynamic_20260812,native_ds,dynamic,36,1786562937.1272273,1786562937.6037714,100,False,False,0.0,"2,3,4,5",2.393918870985548,-0.6647659593255626,-3.651692763263609,0.6748042180267221,0.8442374771515855,0.8593275168734574
native_ds_final_dynamic_20260812,native_ds,dynamic,37,1786562938.456887,1786562938.6895895,100,False,False,0.0,"2,3,4,5",2.393918870985548,-0.6647659593255626,-3.651692763263609,0.6748042180267221,0.8442374771515855,0.8593275168734574
native_ds_final_dynamic_20260812,native_ds,dynamic,38,1786562939.6870186,1786562939.8013213,100,False,False,0.0,"2,3,4,5",2.393918870985548,-0.6647659593255626,-3.651692763263609,0.6748042180267221,0.8442374771515855,0.8593275168734574
native_ds_final_dynamic_20260812,native_ds,dynamic,39,1786562940.9114814,1786562941.0845904,100,False,False,0.0,"2,3,4,5",2.393918870985548,-0.6647659593255626,-3.651692763263609,0.6748042180267221,0.8442374771515855,0.8593275168734574
native_ds_final_dynamic_20260812,native_ds,dynamic,40,1786562942.2121246,1786562942.588327,100,False,False,0.0,"2,3,4,5",2.393918870985548,-0.6647659593255626,-3.651692763263609,0.6748042180267221,0.8442374771515855,0.8593275168734574
native_ds_final_dynamic_20260812,native_ds,dynamic,41,1786562943.4539726,1786562943.7898023,100,False,False,0.0,"2,3,4,5",2.393918870985548,-0.6647659593255626,-3.651692763263609,0.6748042180267221,0.8442374771515855,0.8593275168734574
native_ds_final_dynamic_20260812,native_ds,dynamic,42,1786562944.68811,1786562945.5572252,100,False,False,0.0,"2,3,4,5",2.393918870985548,-0.6647659593255626,-3.651692763263609,0.6748042180267221,0.8442374771515855,0.8593275168734574
native_ds_final_dynamic_20260812,native_ds,dynamic,43,1786562945.8981128,1786562946.1325908,100,False,False,0.0,"2,3,4,5",2.393918870985548,-0.6647659593255626,-3.651692763263609,0.6748042180267221,0.8442374771515855,0.8593275168734574
native_ds_final_dynamic_20260812,native_ds,dynamic,44,1786562947.1320748,1786562947.4032567,100,False,False,0.0,"2,3,4,5",2.393918870985548,-0.6647659593255626,-3.651692763263609,0.6748042180267221,0.8442374771515855,0.8593275168734574
native_ds_final_dynamic_20260812,native_ds,dynamic,45,1786562948.4406862,1786562948.9561703,100,False,False,0.0,"2,3,4,5",2.393918870985548,-0.6647659593255626,-3.651692763263609,0.6748042180267221,0.8442374771515855,0.8593275168734574
native_ds_final_dynamic_20260812,native_ds,dynamic,46,1786562949.7186985,1786562950.1558254,100,False,False,0.0,"2,3,4,5",2.393918870985548,-0.6647659593255626,-3.651692763263609,0.6748042180267221,0.8442374771515855,0.8593275168734574
native_ds_final_dynamic_20260812,native_ds,dynamic,47,1786562951.0945704,1786562951.4442012,100,False,False,0.0,"2,3,4,5",2.393918870985548,-0.6647659593255626,-3.651692763263609,0.6748042180267221,0.8442374771515855,0.8593275168734574
native_ds_final_dynamic_20260812,native_ds,dynamic,48,1786562952.2526238,1786562952.5522504,100,False,False,0.0,"2,3,4,5",2.393918870985548,-0.6647659593255626,-3.651692763263609,0.6748042180267221,0.8442374771515855,0.8593275168734574
native_ds_final_dynamic_20260812,native_ds,dynamic,49,1786562953.4818125,1786562954.5722349,100,False,False,0.0,"2,3,4,5",2.393918870985548,-0.6647659593255626,-3.651692763263609,0.6748042180267221,0.8442374771515855,0.8593275168734574
native_ds_final_dynamic_20260812,native_ds,dynamic,50,1786562954.7892268,1786562955.22083,100,False,False,0.0,"2,3,4,5",2.393918870985548,-0.6647659593255626,-3.651692763263609,0.6748042180267221,0.8442374771515855,0.8593275168734574
native_ds_final_dynamic_20260812,native_ds,dynamic,51,1786562955.9885292,1786562956.4323666,100,False,False,0.0,"2,3,4,5",2.393918870985548,-0.6647659593255626,-3.651692763263609,0.6748042180267221,0.8442374771515855,0.8593275168734574
native_ds_final_dynamic_20260812,native_ds,dynamic,52,1786562957.209183,1786562957.4421086,100,False,False,0.0,"2,3,4,5",2.393918870985548,-0.6647659593255626,-3.651692763263609,0.6748042180267221,0.8442374771515855,0.8593275168734574
native_ds_final_dynamic_20260812,native_ds,dynamic,53,1786562958.4947002,1786562958.9407358,100,False,False,0.0,"2,3,4,5",2.393918870985548,-0.6647659593255626,-3.651692763263609,0.6748042180267221,0.8442374771515855,0.8593275168734574
native_ds_final_dynamic_20260812,native_ds,dynamic,54,1786562959.8362594,1786562960.0440927,100,False,False,0.0,"2,3,4,5",2.393918870985548,-0.6647659593255626,-3.651692763263609,0.6748042180267221,0.8442374771515855,0.8593275168734574
native_ds_final_dynamic_20260812,native_ds,dynamic,55,1786562961.084813,1786562961.130069,100,False,False,0.0,"2,3,4,5",2.393918870985548,-0.6647659593255626,-3.651692763263609,0.6748042180267221,0.8442374771515855,0.8593275168734574
native_ds_final_dynamic_20260812,native_ds,dynamic,56,1786562962.2619445,1786562962.625023,100,False,False,0.0,"2,3,4,5",2.393918870985548,-0.6647659593255626,-3.651692763263609,0.6748042180267221,0.8442374771515855,0.8593275168734574
native_ds_final_dynamic_20260812,native_ds,dynamic,57,1786562963.4804792,1786562963.8920555,100,False,False,0.0,"2,3,4,5",2.393918870985548,-0.6647659593255626,-3.651692763263609,0.6748042180267221,0.8442374771515855,0.8593275168734574
native_ds_final_dynamic_20260812,native_ds,dynamic,58,1786562964.6860418,1786562965.1640563,100,False,False,0.0,"2,3,4,5",2.393918870985548,-0.6647659593255626,-3.651692763263609,0.6748042180267221,0.8442374771515855,0.8593275168734574
native_ds_final_dynamic_20260812,native_ds,dynamic,59,1786562965.8908064,1786562965.9251745,100,False,False,0.0,"2,3,4,5",2.393918870985548,-0.6647659593255626,-3.651692763263609,0.6748042180267221,0.8442374771515855,0.8593275168734574
native_ds_final_dynamic_20260812,native_ds,dynamic,60,1786562967.0741184,1786562967.5840151,100,False,False,0.0,"2,3,4,5",2.393918870985548,-0.6647659593255626,-3.651692763263609,0.6748042180267221,0.8442374771515855,0.8593275168734574
native_ds_final_dynamic_20260812,native_ds,dynamic,61,1786562968.27588,1786562968.6486902,100,False,False,0.0,"2,3,4,5",2.393918870985548,-0.6647659593255626,-3.651692763263609,0.6748042180267221,0.8442374771515855,0.8593275168734574
native_ds_final_dynamic_20260812,native_ds,dynamic,62,1786562969.5063848,1786562969.923569,100,False,False,0.0,"2,3,4,5",2.393918870985548,-0.6647659593255626,-3.651692763263609,0.6748042180267221,0.8442374771515855,0.8593275168734574
native_ds_final_dynamic_20260812,native_ds,dynamic,63,1786562970.6975744,1786562971.155619,100,False,False,0.0,"2,3,4,5",2.393918870985548,-0.6647659593255626,-3.651692763263609,0.6748042180267221,0.8442374771515855,0.8593275168734574
native_ds_final_dynamic_20260812,native_ds,dynamic,64,1786562971.9058933,1786562972.4453988,100,False,False,0.0,"2,3,4,5",2.393918870985548,-0.6647659593255626,-3.651692763263609,0.6748042180267221,0.8442374771515855,0.8593275168734574
native_ds_final_dynamic_20260812,native_ds,dynamic,65,1786562973.1064374,1786562973.1356149,100,False,False,0.0,"2,3,4,5",2.393918870985548,-0.6647659593255626,-3.651692763263609,0.6748042180267221,0.8442374771515855,0.8593275168734574
native_ds_final_dynamic_20260812,native_ds,dynamic,66,1786562974.329752,1786562974.8687048,100,False,False,0.0,"2,3,4,5",2.393918870985548,-0.6647659593255626,-3.651692763263609,0.6748042180267221,0.8442374771515855,0.8593275168734574
native_ds_final_dynamic_20260812,native_ds,dynamic,67,1786562975.517438,1786562976.4393287,100,False,False,0.0,"2,3,4,5",2.393918870985548,-0.6647659593255626,-3.651692763263609,0.6748042180267221,0.8442374771515855,0.8593275168734574
native_ds_final_dynamic_20260812,native_ds,dynamic,68,1786562976.7085001,1786562977.006958,100,False,False,0.0,"2,3,4,5",2.393918870985548,-0.6647659593255626,-3.651692763263609,0.6748042180267221,0.8442374771515855,0.8593275168734574
native_ds_final_dynamic_20260812,native_ds,dynamic,69,1786562977.8987405,1786562978.0822973,100,False,False,0.0,"2,3,4,5",2.393918870985548,-0.6647659593255626,-3.651692763263609,0.6748042180267221,0.8442374771515855,0.8593275168734574
native_ds_final_dynamic_20260812,native_ds,dynamic,70,1786562979.1002383,1786562979.2083662,100,False,False,0.0,"2,3,4,5",2.393918870985548,-0.6647659593255626,-3.651692763263609,0.6748042180267221,0.8442374771515855,0.8593275168734574
native_ds_final_dynamic_20260812,native_ds,dynamic,71,1786562980.3358314,1786562980.8114264,100,False,False,0.0,"2,3,4,5",2.393918870985548,-0.6647659593255626,-3.651692763263609,0.6748042180267221,0.8442374771515855,0.8593275168734574
native_ds_final_dynamic_20260812,native_ds,dynamic,72,1786562981.531761,1786562981.8788695,100,False,False,0.0,"2,3,4,5",2.393918870985548,-0.6647659593255626,-3.651692763263609,0.6748042180267221,0.8442374771515855,0.8593275168734574
native_ds_final_dynamic_20260812,native_ds,dynamic,73,1786562982.7106009,1786562983.065688,100,False,False,0.0,"2,3,4,5",2.393918870985548,-0.6647659593255626,-3.651692763263609,0.6748042180267221,0.8442374771515855,0.8593275168734574
native_ds_final_dynamic_20260812,native_ds,dynamic,74,1786562985.14825,1786562985.5000138,100,False,False,0.0,"2,3,4,5",2.393918870985548,-0.6647659593255626,-3.651692763263609,0.6748042180267221,0.8442374771515855,0.8593275168734574
native_ds_final_dynamic_20260812,native_ds,dynamic,75,1786562986.358597,1786562986.9348733,100,False,False,0.0,"2,3,4,5",2.393918870985548,-0.6647659593255626,-3.651692763263609,0.6748042180267221,0.8442374771515855,0.8593275168734574
native_ds_final_dynamic_20260812,native_ds,dynamic,76,1786562987.612188,1786562987.6273708,100,False,False,0.0,"2,3,4,5",2.393918870985548,-0.6647659593255626,-3.651692763263609,0.6748042180267221,0.8442374771515855,0.8593275168734574
native_ds_final_dynamic_20260812,native_ds,dynamic,77,1786562988.7781541,1786562989.1180751,100,False,False,0.0,"2,3,4,5",2.393918870985548,-0.6647659593255626,-3.651692763263609,0.6748042180267221,0.8442374771515855,0.8593275168734574
native_ds_final_dynamic_20260812,native_ds,dynamic,78,1786562989.992142,1786562990.59323,100,False,False,0.0,"2,3,4,5",2.393918870985548,-0.6647659593255626,-3.651692763263609,0.6748042180267221,0.8442374771515855,0.8593275168734574
native_ds_final_dynamic_20260812,native_ds,dynamic,79,1786562991.1983159,1786562991.2658947,100,False,False,0.0,"2,3,4,5",2.393918870985548,-0.6647659593255626,-3.651692763263609,0.6748042180267221,0.8442374771515855,0.8593275168734574
native_ds_final_dynamic_20260812,native_ds,dynamic,80,1786562992.386695,1786562992.5001957,100,False,False,0.0,"2,3,4,5",2.393918870985548,-0.6647659593255626,-3.651692763263609,0.6748042180267221,0.8442374771515855,0.8593275168734574
native_ds_final_dynamic_20260812,native_ds,dynamic,81,1786562993.6113875,1786562993.7051904,100,False,False,0.0,"2,3,4,5",2.393918870985548,-0.6647659593255626,-3.651692763263609,0.6748042180267221,0.8442374771515855,0.8593275168734574
native_ds_final_dynamic_20260812,native_ds,dynamic,82,1786562994.823032,1786562995.0482628,100,False,False,0.0,"2,3,4,5",2.393918870985548,-0.6647659593255626,-3.651692763263609,0.6748042180267221,0.8442374771515855,0.8593275168734574
native_ds_final_dynamic_20260812,native_ds,dynamic,83,1786562996.033321,1786562996.1120787,100,False,False,0.0,"2,3,4,5",2.393918870985548,-0.6647659593255626,-3.651692763263609,0.6748042180267221,0.8442374771515855,0.8593275168734574
native_ds_final_dynamic_20260812,native_ds,dynamic,84,1786562997.2389102,1786562997.2936711,100,False,False,0.0,"2,3,4,5",2.393918870985548,-0.6647659593255626,-3.651692763263609,0.6748042180267221,0.8442374771515855,0.8593275168734574
native_ds_final_dynamic_20260812,native_ds,dynamic,85,1786562998.4389606,1786562998.8733332,100,False,False,0.0,"2,3,4,5",2.393918870985548,-0.6647659593255626,-3.651692763263609,0.6748042180267221,0.8442374771515855,0.8593275168734574
native_ds_final_dynamic_20260812,native_ds,dynamic,86,1786562999.6358666,1786563000.0258703,100,False,False,0.0,"2,3,4,5",2.393918870985548,-0.6647659593255626,-3.651692763263609,0.6748042180267221,0.8442374771515855,0.8593275168734574
native_ds_final_dynamic_20260812,native_ds,dynamic,87,1786563000.828349,1786563001.0275047,100,False,False,0.0,"2,3,4,5",2.393918870985548,-0.6647659593255626,-3.651692763263609,0.6748042180267221,0.8442374771515855,0.8593275168734574
native_ds_final_dynamic_20260812,native_ds,dynamic,88,1786563002.0175827,1786563002.2653139,100,False,False,0.0,"2,3,4,5",2.393918870985548,-0.6647659593255626,-3.651692763263609,0.6748042180267221,0.8442374771515855,0.8593275168734574
native_ds_final_dynamic_20260812,native_ds,dynamic,89,1786563003.2297282,1786563003.5175898,100,False,False,0.0,"2,3,4,5",2.393918870985548,-0.6647659593255626,-3.651692763263609,0.6748042180267221,0.8442374771515855,0.8593275168734574
passive_ds_final_dynamic_20260812,passive_ds,dynamic,0,1786563248.715277,1786563302.4890063,100,False,False,0.0,"2,3,4",-0.07379608993206407,-0.9557558239421498,-3.202462398015575,0.013050684705681216,0.0165457958241933,0.01670506455347472
