#,Comment,Designator,Footprint,JLCPCB Part #(optional)
1,Battery_Cell,BT1,Battery:BatteryHolder_Seiko_MS621F,
2,BAT,BT2,Connector_JST:JST_PH_B2B-PH-K_1x02_P2.00mm_Vertical,C131337
3,47pF,C28,Capacitor_SMD:C_0603_1608Metric,C23345 
4,10.nF,C30,Capacitor_SMD:C_1812_4532Metric,C3287694
5,1uF,"C1,C2,C5,C13,C14,C22,C25,C37,C60,C61,C81,C83,C84,C85,C86,C87",Capacitor_SMD:C_0603_1608Metric,C15849 
6,22pF,"C10,C11",Capacitor_SMD:C_0603_1608Metric,C1653
7,10uF,"C19,C26,C29,C31,C32,C33,C39,C41,C43,C44,C45,C47,C48,C49,C57,C67,C68,C70,C71,C72,C73,C74,C75,C76,C77,C79,C80",Capacitor_SMD:C_0603_1608Metric,C19702
8,100nF,"C3,C4,C7,C8,C9,C15,C16,C17,C18,C23,C27,C34,C35,C36,C38,C46,C51,C53,C59,C63,C64,C65,C66,C69,C78,C82",Capacitor_SMD:C_0603_1608Metric,C14663 
9,22uF,"C50,C52,C54,C58",Capacitor_SMD:C_1206_3216Metric,C12891
10,47nF,"C55,C56",Capacitor_SMD:C_0603_1608Metric,C1622 
11,10nF,"C6,C12,C20,C21,C24,C62",Capacitor_SMD:C_0603_1608Metric,C57112 
12,SMAJ20CA,D14,Diode_SMD:D_SMA,C134970 
13,3v9,D20,Diode_SMD:D_SMA,
14,10v,D27,Diode_SMD:D_SOD-123F,C2922775
15,SP4020,"D1,D2,D3,D4,D5,D6,D12,D15,D19",Diode_SMD:D_SOD-323,C126842 
16,SMAJ5.0CA,"D21,D23",Diode_SMD:D_SMA,C83324 
17,PMEG10020,"D25,D26,D28",Diode_SMD:D_SOD-123F,C22452
18,LED_GREEN,"D7,D8,D10,D11,D16,D17,D18,D22",LED_SMD:LED_0603_1608Metric,C22371297 
19,LED_RED,"D9,D24",LED_SMD:LED_0603_1608Metric,C965799
20,DWM3000,DWM1,RF_Module:DWM1000,C5299931 
21,1A,F2,Fuse:Fuse_1206_3216Metric,C2838907
22,2A,"F1,F3",Fuse:Fuse_1206_3216Metric,C18211642 
23,FerriteBead,"FB1,FB2,FB3,FB4,FB5",Inductor_SMD:L_0805_2012Metric,C3716677
24,B39162B3520U410,FL1,B39162B3520U410:B39162B3520U410,C2650959
25,TPS630701RNMT,IC1,TPS630702RNMT:TPS630702RNMT,C181473
26,BQ25792RQMR,IC2,BQ25792RQMR:BQ25792RQMR,C2862876
27,MAX77958EWV,IC3,BGA30C50P6X5_307X262X69,
28,MPM3612GLQ-P,IC4,MPM3612GLQ33P,
29,FT232,J1,Connector_PinSocket_2.54mm:PinSocket_1x06_P2.54mm_Vertical,C8690
30,GPS antenna,J2,Connector_Coaxial:SMA_Samtec_SMA-J-P-H-ST-EM1_EdgeMount,C5199907
31,USB_C_Receptacle_USB2.0_14P,J3,Connector_USB:USB_C_Receptacle_GCT_USB4105-xx-A_16P_TopMnt_Horizontal,C5184243
32,27nH,L1,Inductor_SMD:L_0603_1608Metric,C98072
33,1.5uH,L2,Inductor_SMD:L_Taiyo-Yuden_NR-60xx,C3221450
34,1uH,L3,Inductor_SMD:L_Taiyo-Yuden_NR-60xx,C1331878
35,DMG2307L,Q1,Package_TO_SOT_SMD:SOT-23,C102620
36,BSS138,"Q3,Q6,Q7,Q8",Package_TO_SOT_SMD:SOT-23,C5224261
37,390,R62,Resistor_SMD:R_0603_1608Metric,C23151
38,365k,R76,Resistor_SMD:R_0603_1608Metric,C23031
39,50k,R79,Resistor_SMD:R_0603_1608Metric,C304067
40,470k,R82,Resistor_SMD:R_0603_1608Metric,C23178
41,150k,R83,Resistor_SMD:R_0603_1608Metric,C22807
42,133k,R88,Resistor_SMD:R_0603_1608Metric,C22870
43,51k,R90,Resistor_SMD:R_0603_1608Metric,C18672
44,10k,"R1,R2,R5,R26,R27,R30,R31,R32,R34,R35,R36,R37,R38,R39,R40,R41,R42,R49,R52,R53,R54,R55,R59,R60,R63,R73,R86,R89,R96,TH1","Connector_JST:JST_PH_B2B-PH-K_1x02_P2.00mm_Vertical,Resistor_SMD:R_0603_1608Metric",C25804 
45,0,"R22,R23,R67,R69,R95,R97",Resistor_SMD:R_0603_1608Metric,C21189 
46,100,"R3,R4,R6,R7,R8,R9,R10,R11,R12,R13,R14,R15,R16,R17,R18,R19,R20,R21,R24,R25,R28,R29,R64,R65,R91",Resistor_SMD:R_0603_1608Metric,C22775
47,680,"R33,R43,R44,R45,R46",Resistor_SMD:R_0603_1608Metric,C23228
48,100k,"R47,R50,R51,R66,R71,R74,R80,R84",Resistor_SMD:R_0603_1608Metric,C25803
49,330,"R48,R85",Resistor_SMD:R_0603_1608Metric,C23138
50,1k,"R56,R57,R58,R61,R68,R75,R81,R87,R93",Resistor_SMD:R_0603_1608Metric,C21190
51,5.1k,"R70,R72,R77,R78",Resistor_SMD:R_0603_1608Metric,C23186
52,30.1k,"R92,R94",Resistor_SMD:R_0603_1608Metric,C23000
53,ESP32 BOOT,SW1,Button_Switch_SMD:SW_Push_1P1T_NO_CK_KMR2,C99271
54,ESP32 RESET,SW2,Button_Switch_SMD:SW_Push_1P1T_NO_CK_KMR2,C99271
55,GPS RESET,SW3,Button_Switch_SMD:SW_Push_1P1T_NO_CK_KMR2,C99271
56,on/off,SW4,Button_Switch_SMD:SW_SPDT_PCM12,C18197923
57,DWM RESET,SW5,Button_Switch_SMD:SW_Push_1P1T_NO_CK_KMR2,C99271
58,3v3,TP3,TestPoint:TestPoint_Pad_D2.0mm,
59,GND,TP4,TestPoint:TestPoint_Pad_D2.0mm,
60,ESP32-S3-WROOM-1,U1,RF_Module:ESP32-S3-WROOM-1,C2913202
61,BNO085,U2,Package_LGA:LGA-28_5.2x3.8mm_P0.5mm,C5189642
62,LDS3985M33R,U3,Package_TO_SOT_SMD:SOT-23-5,C2970345
63,PX1125R,U4,PX1125R:PX1105R,C9900164713
64,TPD2S017,U6,Package_TO_SOT_SMD:SOT-23-6,C880115
65,32.768KHz,Y1,Crystal:Crystal_SMD_2012-2Pin_2.0x1.2mm,C276423
