mode,received_at,frame_start_seq,frame_span_ms,anchors_used,x_m,y_m,reference_error_cm
rolling,1785523173.5753207,,198.3504295349121,3,1.5066345000000005,1.5051578333333335,0.8403560849095677
rolling,1785523173.6850376,,308.06732177734375,4,1.5061546111111115,1.5046779444444438,0.7730614603918604
rolling,1785523173.7859406,,310.76645851135254,4,1.5046776111111113,1.505416444444444,0.715666934589969
rolling,1785523173.887556,,312.23535537719727,4,1.5000194444444446,1.5147327777777777,1.4732790609243054
coherent,1785523173.9850538,402,300.0161647796631,4,1.499774166666667,1.5144874999999995,1.4489260055103954
rolling,1785523173.9850538,,300.0161647796631,4,1.499774166666667,1.5144874999999995,1.4489260055103954
rolling,1785523174.0953932,,309.4525337219238,4,1.4987870555555554,1.5135003888888894,1.355476795731144
rolling,1785523174.195056,,307.49988555908203,4,1.5071302777777777,1.5093287777777782,1.1741676030935246
rolling,1785523174.2951643,,310.11056900024414,4,1.5071302777777777,1.5093287777777782,1.1741676030935246
coherent,1785523174.3952777,403,299.884557723999,4,1.5090893888888888,1.511287888888889,1.4492530004845878
rolling,1785523174.3952777,,299.884557723999,4,1.5090893888888888,1.511287888888889,1.4492530004845878
rolling,1785523174.5053048,,310.24885177612305,4,1.5105703888888886,1.512768888888889,1.6576418332050327
rolling,1785523174.6053824,,310.21809577941895,4,1.5027197222222222,1.5166942222222222,1.6914311826704196
rolling,1785523174.70527,,309.99231338500977,4,1.4968930555555557,1.5283475555555552,2.851731070343334
coherent,1785523174.8052394,404,299.93462562561035,4,1.497625888888889,1.5290803888888884,2.917713867905635
rolling,1785523174.8052394,,299.93462562561035,4,1.497625888888889,1.5290803888888884,2.917713867905635
rolling,1785523174.9152875,,309.9050521850586,4,1.4941733333333334,1.5256278333333335,2.628185468732305
rolling,1785523175.0163033,,311.0332489013672,4,1.487257333333333,1.5290858333333335,3.1754704446305895
rolling,1785523175.1165557,,311.31625175476074,4,1.494305944444444,1.5149886111111115,1.6033737297021344
coherent,1785523175.2215145,405,306.2269687652588,4,1.4911231111111107,1.511805777777778,1.4770766577397505
rolling,1785523175.2215145,,306.2269687652588,4,1.4911231111111107,1.511805777777778,1.4770766577397505
rolling,1785523175.3251748,,308.8715076446533,4,1.494575666666667,1.515258333333333,1.6193829942981575
rolling,1785523175.4252362,,308.68053436279297,4,1.4881146666666665,1.5184888333333333,2.197949286203449
rolling,1785523175.5257516,,304.23712730407715,4,1.4925366666666664,1.5096448333333337,1.2195251308285222
coherent,1785523175.625134,406,299.9591827392578,4,1.491061333333333,1.5081695000000002,1.2109520718335143
rolling,1785523175.625134,,299.9591827392578,4,1.491061333333333,1.5081695000000002,1.2109520718335143
rolling,1785523175.7352133,,309.97705459594727,4,1.4876087777777782,1.5047169444444441,1.3258655778488833
rolling,1785523175.8351586,,309.40699577331543,4,1.5034452222222225,1.4967987222222219,0.4702949667069814
rolling,1785523175.935219,,310.0850582122803,4,1.4968257222222223,1.5100377222222225,1.052767338118891
coherent,1785523176.0352871,407,300.07386207580566,4,1.496579444444445,1.5097914444444445,1.037172042706904
rolling,1785523176.0352871,,300.07386207580566,4,1.496579444444445,1.5097914444444445,1.037172042706904
rolling,1785523176.1503375,,315.17887115478516,4,1.4951031111111113,1.5083151111111106,0.9649901221268379
rolling,1785523176.2449722,,309.7531795501709,4,1.499026666666667,1.5063533333333328,0.6427458457447583
rolling,1785523176.345156,,309.86881256103516,4,1.5034306666666668,1.4975453333333333,0.4218395692941027
coherent,1785523176.445105,408,294.7676181793213,4,1.5071131666666668,1.5012278333333333,0.7218359558945828
rolling,1785523176.445105,,294.7676181793213,4,1.5071131666666668,1.5012278333333333,0.7218359558945828
rolling,1785523176.5552776,,310.3053569793701,4,1.5071131666666668,1.5012278333333333,0.7218359558945828
rolling,1785523176.6552975,,310.14156341552734,4,1.5139451666666663,1.4978118333333337,1.411579777136991
rolling,1785523176.755319,,310.2140426635742,4,1.5112495555555552,1.5032030555555558,1.1696668974092546
coherent,1785523176.8550723,409,299.79467391967773,4,1.5097795555555555,1.5017330555555555,0.9931927729440994
rolling,1785523176.8550723,,299.79467391967773,4,1.5097795555555555,1.5017330555555555,0.9931927729440994
rolling,1785523176.9735942,,318.2966709136963,4,1.514708444444444,1.5066619444444447,1.614682141339791
rolling,1785523177.0714023,,316.0831928253174,4,1.5078764444444446,1.5100779444444443,1.27907521792789
rolling,1785523177.1652172,,310.14490127563477,4,1.5047080555555556,1.5164147222222224,1.707655974565487
coherent,1785523177.2650332,410,291.4390563964844,4,1.5117760000000002,1.5234826666666668,2.6269941183371306
rolling,1785523177.2650332,,291.4390563964844,4,1.5117760000000002,1.5234826666666668,2.6269941183371306
rolling,1785523177.3788445,,307.44218826293945,4,1.5117760000000002,1.5234826666666668,2.6269941183371306
rolling,1785523177.475088,,309.87071990966797,4,1.5019404444444442,1.5284004444444448,2.8466657149794896
rolling,1785523177.5756028,,310.56952476501465,4,1.5142293333333332,1.5038226666666665,1.4733862614927251
coherent,1785523177.6751306,411,296.28610610961914,4,1.5054413333333332,1.4950346666666665,0.7366318181802596
rolling,1785523177.6751306,,296.28610610961914,4,1.5054413333333332,1.4950346666666665,0.7366318181802596
rolling,1785523177.7882164,,313.1284713745117,4,1.5010043333333334,1.4905976666666667,0.9455821358060591
rolling,1785523177.884953,,309.35025215148926,4,1.5123075555555554,1.4849460555555556,1.9444720802559792
rolling,1785523177.9851038,,309.97323989868164,4,1.5005048888888886,1.5085513888888893,0.8566280681786134
coherent,1785523178.0852125,412,296.9961166381836,4,1.4948149444444443,1.5028614444444446,0.5922217947934867
rolling,1785523178.0852125,,296.9961166381836,4,1.4948149444444443,1.5028614444444446,0.5922217947934867
rolling,1785523178.2180703,,333.1172466278076,4,1.4982643888888885,1.5063108888888894,0.6545201639133952
rolling,1785523178.2953522,,310.24837493896484,4,1.5016811666666665,1.5046025000000005,0.4899931388408951
rolling,1785523178.3954732,,310.2607727050781,4,1.5050971666666666,1.4977705000000001,0.5563432238984901
coherent,1785523178.4953313,413,277.26101875305176,4,1.5181204444444445,1.510793777777778,2.109161315737262
rolling,1785523178.4953313,,277.26101875305176,4,1.5181204444444445,1.510793777777778,2.109161315737262
rolling,1785523178.6075923,,312.2401237487793,4,1.519108,1.5117813333333334,2.244806181190504
rolling,1785523178.7098086,,314.3353462219238,4,1.492468,1.5251013333333334,2.620702117965941
rolling,1785523178.8052807,,309.9493980407715,4,1.486625333333333,1.536786666666667,3.9142567019664405
coherent,1785523178.908291,414,300.69875717163086,4,1.4827266666666663,1.5328880000000003,3.714819764732165
rolling,1785523178.908291,,300.69875717163086,4,1.4827266666666663,1.5328880000000003,3.714819764732165
rolling,1785523179.0206485,,310.8398914337158,4,1.4792741111111114,1.5294354444444447,3.60001091647865
rolling,1785523179.119529,,314.24832344055176,4,1.508834111111111,1.5146554444444449,1.7112088446115077
rolling,1785523179.21597,,307.6789379119873,4,1.5095609444444442,1.5132017777777784,1.6300263653192637
coherent,1785523179.316617,415,295.96853256225586,4,1.5105382777777774,1.5141791111111118,1.7666422683238703
rolling,1785523179.316617,,295.96853256225586,4,1.5105382777777774,1.5141791111111118,1.7666422683238703
rolling,1785523179.4264498,,306.92076683044434,4,1.5070966111111113,1.5107374444444441,1.2870687722879146
rolling,1785523179.5289345,,312.96443939208984,4,1.5186966111111118,1.5049374444444439,1.9337570289002637
rolling,1785523179.625304,,308.6869716644287,4,1.5277431111111117,1.4868444444444442,3.0704215607939016
coherent,1785523179.7253425,416,298.8927364349365,4,1.512143611111111,1.4712449444444444,3.1214107560860804
rolling,1785523179.7253425,,298.8927364349365,4,1.512143611111111,1.4712449444444444,3.1214107560860804
rolling,1785523179.8363395,,307.4049949645996,4,1.5131258333333333,1.4722271666666666,3.0718362131721078
rolling,1785523179.9386969,,313.39287757873535,4,1.5020117222222225,1.477784222222222,2.2306676322818713
rolling,1785523180.0351405,,309.798002243042,4,1.4927228333333333,1.4963620000000002,0.8135858817263428
coherent,1785523180.1350756,417,298.7360954284668,4,1.5136658888888892,1.5173050555555554,2.205043008433903
rolling,1785523180.1350756,,298.7360954284668,4,1.5136658888888892,1.5173050555555554,2.205043008433903
rolling,1785523180.245731,,307.0342540740967,4,1.5270128888888888,1.5306520555555556,4.08563908820189
rolling,1785523180.3489752,,313.83466720581055,4,1.523607,1.5323550000000001,4.0051672549345625
rolling,1785523180.445066,,309.99040603637695,4,1.5292100555555554,1.521148888888889,3.606248531082145
coherent,1785523180.545055,418,299.32379722595215,4,1.5231336666666666,1.5150725000000003,2.7610628201735103
rolling,1785523180.545055,,299.32379722595215,4,1.5231336666666666,1.5150725000000003,2.7610628201735103
rolling,1785523180.6555471,,306.57196044921875,4,1.516192777777778,1.5081316111111112,1.8119855171133286
rolling,1785523180.757888,,312.8221035003662,4,1.5113083333333337,1.5105738333333332,1.5481742606660713
rolling,1785523180.85549,,310.43505668640137,4,1.5113083333333337,1.5105738333333332,1.5481742606660713
coherent,1785523180.9552119,419,299.6647357940674,4,1.5171430000000004,1.5164084999999998,2.373017743823266
rolling,1785523180.9552119,,299.6647357940674,4,1.5171430000000004,1.5164084999999998,2.373017743823266
rolling,1785523181.0650496,,307.1615695953369,4,1.5087733333333335,1.5080388333333332,1.1899336920135102
rolling,1785523181.1673412,,311.85126304626465,4,1.4969599999999998,1.5139455,1.4273001445035987
rolling,1785523181.2697623,,314.55039978027344,4,1.5048533333333332,1.498158833333333,0.5190832220259867
coherent,1785523181.3661122,420,301.06258392333984,4,1.4982848333333332,1.4915903333333336,0.8582790346902655
rolling,1785523181.3661122,,301.06258392333984,4,1.4982848333333332,1.4915903333333336,0.8582790346902655
rolling,1785523181.4800718,,312.7305507659912,4,1.5081381666666671,1.5014436666666662,0.8265224143294284
rolling,1785523181.5771055,,307.3432445526123,4,1.5209301666666668,1.4950476666666663,2.1508079461888223
rolling,1785523181.6794062,,313.2939338684082,4,1.513772,1.5093640000000004,1.6653902845879822
coherent,1785523181.775156,421,295.08423805236816,4,1.516944722222222,1.5125367222222226,2.10782593034965
rolling,1785523181.775156,,295.08423805236816,4,1.516944722222222,1.5125367222222226,2.10782593034965
rolling,1785523181.885056,,307.950496673584,4,1.517934944444444,1.5135269444444446,2.246420393043979
rolling,1785523182.0034983,,324.09214973449707,4,1.512049611111111,1.5164696111111111,2.040689143598909
rolling,1785523182.0930734,,317.9173469543457,4,1.5069244444444445,1.5267199444444444,2.760259701510696
coherent,1785523182.185149,422,300.0929355621338,4,1.5076539444444446,1.5274494444444444,2.8496576388529276
rolling,1785523182.185149,,300.0929355621338,4,1.5076539444444446,1.5274494444444444,2.8496576388529276
rolling,1785523182.2973065,,293.8082218170166,4,1.5041920555555555,1.523987555555556,2.4351101644725404
rolling,1785523182.3966308,,303.5573959350586,4,1.5164170555555556,1.517875055555556,2.427009114586127
rolling,1785523182.4986942,,313.54522705078125,4,1.5154463888888892,1.5198163888888891,2.512529001429611
coherent,1785523182.5953603,423,298.0537414550781,4,1.5152033333333335,1.5195733333333334,2.4784203078215574
rolling,1785523182.5953603,,298.0537414550781,4,1.5152033333333335,1.5195733333333334,2.4784203078215574
rolling,1785523182.7075815,,310.95075607299805,4,1.5186652222222219,1.5230352222222225,2.9648136255624924
rolling,1785523182.8051157,,306.42151832580566,4,1.4995335555555556,1.5326010555555558,3.2604392246385907
rolling,1785523182.90827,,312.9096031188965,4,1.503671166666667,1.5243258333333334,2.4601293300466125
coherent,1785523183.0051184,424,297.53684997558594,4,1.4982958333333338,1.5189504999999996,1.90269712323786
rolling,1785523183.0051184,,297.53684997558594,4,1.4982958333333338,1.5189504999999996,1.90269712323786
rolling,1785523183.1239662,,318.8505172729492,4,1.493846833333333,1.5145015000000002,1.575293503693158
rolling,1785523183.2186215,,310.3516101837158,4,1.4928566111111112,1.5149966111111113,1.6611030962460032
rolling,1785523183.3187692,,313.65084648132324,4,1.4935901111111112,1.513529611111111,1.4971207445820705
coherent,1785523183.420797,425,296.8308925628662,4,1.4935901111111112,1.513529611111111,1.4971207445820705
rolling,1785523183.420797,,296.8308925628662,4,1.4935901111111112,1.513529611111111,1.4971207445820705
rolling,1785523183.5261571,,307.53564834594727,4,1.4945772222222218,1.5145167222222224,1.5496507442141028
rolling,1785523183.6252487,,306.47945404052734,4,1.5083594444444448,1.5076256111111108,1.1315045569402535
rolling,1785523183.7276614,,306.86426162719727,4,1.5117956666666672,1.5007531666666662,1.1819687480593593
coherent,1785523183.831539,426,305.38177490234375,4,1.5056220555555557,1.4945795555555554,0.780952793996314
rolling,1785523183.831539,,305.38177490234375,4,1.5056220555555557,1.4945795555555554,0.780952793996314
rolling,1785523183.9357543,,310.50562858581543,4,1.5085887222222227,1.4975462222222218,0.8932366696078975
rolling,1785523184.0377698,,310.1084232330322,4,1.4972803888888888,1.5032003888888887,0.4199854001724574
rolling,1785523184.1483388,,316.7998790740967,4,1.486071722222222,1.5256177222222225,2.9159297208778834
coherent,1785523184.2345314,427,298.77710342407227,4,1.4946953333333335,1.5342413333333331,3.46497964913053
rolling,1785523184.2345314,,298.77710342407227,4,1.4946953333333335,1.5342413333333331,3.46497964913053
rolling,1785523184.345191,,307.4212074279785,4,1.4809193333333335,1.5204653333333331,2.7980380785273
rolling,1785523184.4472744,,298.9356517791748,4,1.4843734444444443,1.5187382777777776,2.4399022369923395
rolling,1785523184.5468206,,312.2892379760742,4,1.4875172777777776,1.5124506111111111,1.7630543698856467
coherent,1785523184.6492298,428,304.03876304626465,4,1.478645277777778,1.5035786111111111,2.1652496823064675
rolling,1785523184.6492298,,304.03876304626465,4,1.478645277777778,1.5035786111111111,2.1652496823064675
rolling,1785523184.7587295,,311.45501136779785,4,1.4963892777777776,1.5213226111111113,2.1626166085594987
rolling,1785523184.8616588,,314.838171005249,4,1.494416833333333,1.5223088333333337,2.2996864888985216
rolling,1785523184.9561825,,306.95271492004395,4,1.5019894444444444,1.507163611111111,0.7434730213583053
coherent,1785523185.0586758,429,299.9463081359863,4,1.5142727777777782,1.519446944444444,2.412251715139061
rolling,1785523185.0586758,,299.9463081359863,4,1.5142727777777782,1.519446944444444,2.412251715139061
rolling,1785523185.1651351,,303.47633361816406,4,1.5068444444444447,1.5120186111111114,1.3830886912747808
rolling,1785523185.2694073,,313.22479248046875,4,1.5137324444444447,1.5085746111111114,1.6189625879758716
rolling,1785523185.365943,,307.2671890258789,4,1.512013166666667,1.512013166666667,1.6989183227048805
coherent,1785523185.4716108,430,306.4756393432617,4,1.5019613333333333,1.5019613333333333,0.2773744200334326
rolling,1785523185.4716108,,306.4756393432617,4,1.5019613333333333,1.5019613333333333,0.2773744200334326
rolling,1785523185.5809376,,311.53035163879395,4,1.503443,1.503443,0.4869137295250687
rolling,1785523185.6761787,,310.23573875427246,4,1.5122350000000004,1.499047,1.2272059077433206
rolling,1785523185.7754226,,303.81178855895996,4,1.5129711666666672,1.4975746666666665,1.3195961748665266
coherent,1785523185.8765984,431,295.66073417663574,4,1.521076333333334,1.5056798333333332,2.182824622987943
rolling,1785523185.8765984,,295.66073417663574,4,1.521076333333334,1.5056798333333332,2.182824622987943
rolling,1785523185.985437,,309.25822257995605,4,1.521076333333334,1.5056798333333332,2.182824622987943
rolling,1785523186.0854702,,310.0476264953613,4,1.5063830000000007,1.5130264999999998,1.4506287990040885
rolling,1785523186.185233,,308.63475799560547,4,1.496649666666667,1.532493166666667,3.2665434536712383
coherent,1785523186.290548,432,305.1111698150635,4,1.485318333333333,1.5211618333333337,2.575605804735869
rolling,1785523186.290548,,305.1111698150635,4,1.485318333333333,1.5211618333333337,2.575605804735869
rolling,1785523186.3992834,,313.8132095336914,4,1.4828499999999993,1.5186935000000001,2.536867048644899
rolling,1785523186.495271,,310.03785133361816,4,1.4858046666666664,1.5172161666666666,2.231375995073203
rolling,1785523186.5990245,,308.47644805908203,4,1.48677,1.5152854999999998,2.0215820790905252
coherent,1785523186.6951847,433,295.9012985229492,4,1.494922833333333,1.523438333333333,2.398193259113082
rolling,1785523186.6951847,,295.9012985229492,4,1.494922833333333,1.523438333333333,2.398193259113082
rolling,1785523186.8084712,,313.2002353668213,4,1.4900028333333333,1.5185183333333339,2.104452448513808
rolling,1785523186.90524,,306.2155246734619,4,1.4914771666666669,1.517781166666667,1.9718229536537064
rolling,1785523187.0051765,,309.99183654785156,4,1.495843166666667,1.5090491666666668,0.9958246869917509
coherent,1785523187.1053016,434,296.830415725708,4,1.4889333888888892,1.502139388888889,1.1271506833714102
rolling,1785523187.1053016,,296.830415725708,4,1.4889333888888892,1.502139388888889,1.1271506833714102
rolling,1785523187.218503,,313.262939453125,4,1.4983003888888888,1.5115063888888889,1.1631236528906037
rolling,1785523187.3178787,,312.7021789550781,4,1.4899193888888895,1.5156968888888884,1.865505403807646
rolling,1785523187.4202123,,314.9106502532959,4,1.4867625555555557,1.522010555555556,2.568451851376565
coherent,1785523187.519003,435,300.49991607666016,4,1.4884981666666666,1.5237461666666667,2.6385082933144144
rolling,1785523187.519003,,300.49991607666016,4,1.4884981666666666,1.5237461666666667,2.6385082933144144
rolling,1785523187.6256769,,307.7981472015381,4,1.4899844999999998,1.5252325,2.7147546786035806
rolling,1785523187.7251115,,304.8992156982422,4,1.4998378333333326,1.5203058333333337,2.030648087160608
rolling,1785523187.8263505,,307.34753608703613,4,1.4971813333333328,1.5256188333333334,2.5773426298008837
coherent,1785523187.928975,436,303.2982349395752,4,1.5082088333333332,1.5366463333333336,3.755447631737443
rolling,1785523187.928975,,303.2982349395752,4,1.5082088333333332,1.5366463333333336,3.755447631737443
rolling,1785523188.0353065,,310.1949691772461,4,1.5037558333333334,1.532193333333333,3.2411679918493466
rolling,1785523188.1350217,,308.671236038208,4,1.4929122777777777,1.537615111111111,3.8277047825042687
rolling,1785523188.2366393,,307.664155960083,4,1.493876722222222,1.535686222222222,3.620774761342724
coherent,1785523188.3357766,437,300.47011375427246,4,1.4880233888888885,1.5298328888888886,3.214716897587672
rolling,1785523188.3357766,,300.47011375427246,4,1.4880233888888885,1.5298328888888886,3.214716897587672
rolling,1785523188.4453447,,310.32299995422363,4,1.4791713888888889,1.520980888888889,2.956397705630629
rolling,1785523188.5451636,,308.52437019348145,4,1.498806944444445,1.511163111111111,1.1226683893191742
rolling,1785523188.645633,,309.8564147949219,4,1.4897165000000003,1.5293439999999998,3.109374066029982
coherent,1785523188.7465355,438,301.1908531188965,4,1.4916747222222224,1.5313022222222226,3.239042090073177
rolling,1785523188.7465355,,301.1908531188965,4,1.4916747222222224,1.5313022222222226,3.239042090073177
rolling,1785523188.855159,,309.9954128265381,4,1.501020611111111,1.5406481111111112,4.0660922074411525
rolling,1785523188.9580393,,312.4063014984131,4,1.4912472777777772,1.5455347777777781,4.636837428216597
rolling,1785523189.0551655,,308.62998962402344,4,1.5056739444444438,1.5166814444444447,1.7619995298289135
coherent,1785523189.1568255,439,301.6664981842041,4,1.5064064444444447,1.517413944444444,1.8554999098192981
rolling,1785523189.1568255,,301.6664981842041,4,1.5064064444444447,1.517413944444444,1.8554999098192981
rolling,1785523189.2716794,,313.6401176452637,4,1.5054188888888893,1.5164263888888887,1.7297127181099585
rolling,1785523189.3667321,,311.5665912628174,4,1.509338888888889,1.514466388888889,1.721892137050357
rolling,1785523189.4651482,,308.3226680755615,4,1.508121388888889,1.5169013888888891,1.875137071944432
coherent,1785523189.5651023,440,293.4229373931885,4,1.4997611666666666,1.5085411666666668,0.8544505216154507
rolling,1785523189.5651023,,293.4229373931885,4,1.4997611666666666,1.5085411666666668,0.8544505216154507
rolling,1785523189.6785989,,311.86676025390625,4,1.5027264999999999,1.5115065,1.1825114988870138
rolling,1785523189.776294,,311.1457824707031,4,1.495857166666667,1.5149411666666666,1.550488727430431
rolling,1785523189.8760045,,310.9021186828613,4,1.4902924444444445,1.5260706111111113,2.7819299030906515
coherent,1785523189.9808576,441,302.2587299346924,4,1.4949801666666664,1.5307583333333332,3.116526586023107
rolling,1785523189.9808576,,302.2587299346924,4,1.4949801666666664,1.5307583333333332,3.116526586023107
rolling,1785523190.0877652,,311.47122383117676,4,1.4797453888888887,1.5155235555555555,2.5519209398975713
rolling,1785523190.1873908,,311.3863468170166,4,1.4910077222222218,1.509892388888889,1.3368635590879896
rolling,1785523190.2881844,,307.3267936706543,4,1.5073817777777774,1.4771442777777781,2.4018215617731777
coherent,1785523190.3863432,442,298.57802391052246,4,1.509098722222222,1.4788612222222224,2.3013793081876415
rolling,1785523190.3863432,,298.57802391052246,4,1.509098722222222,1.4788612222222224,2.3013793081876415
rolling,1785523190.4955175,,308.12668800354004,4,1.521368166666666,1.491130666666667,2.3135764964059224
rolling,1785523190.5952466,,307.06214904785156,4,1.5041831666666667,1.4997231666666666,0.4192316788549761
rolling,1785523190.6951187,,308.7754249572754,4,1.5007205000000003,1.5066484999999996,0.6687426448193307
coherent,1785523190.7961266,443,300.6091117858887,4,1.4965413333333335,1.5024693333333334,0.424970378052654
rolling,1785523190.7961266,,300.6091117858887,4,1.4965413333333335,1.5024693333333334,0.424970378052654
rolling,1785523190.9056163,,310.36972999572754,4,1.4823216666666663,1.488249666666667,2.122719488978455
rolling,1785523191.0052307,,310.11199951171875,4,1.4946244444444443,1.482098277777778,1.8691395240924675
rolling,1785523191.110469,,314.3424987792969,4,1.4875210555555558,1.496305055555555,1.3014479201837441
coherent,1785523191.2056823,444,300.0659942626953,4,1.4855432777777784,1.4943272777777776,1.5529861390913042
rolling,1785523191.2056823,,300.0659942626953,4,1.4855432777777784,1.4943272777777776,1.5529861390913042
rolling,1785523191.3185434,,313.3127689361572,4,1.5076882777777776,1.5164722777777782,1.8178161358524483
rolling,1785523191.4171116,,306.6425323486328,4,1.5003232777777773,1.5201547777777782,2.0157370259863416
rolling,1785523191.5173717,,311.6893768310547,4,1.4945152777777773,1.531770777777778,3.2240727325231027
coherent,1785523191.618824,445,300.2805709838867,4,1.5084517777777773,1.545707277777778,4.648212333209288
rolling,1785523191.618824,,300.2805709838867,4,1.5084517777777773,1.545707277777778,4.648212333209288
rolling,1785523191.7264936,,309.38196182250977,4,1.5039867777777778,1.541242277777778,4.1434525137242435
rolling,1785523191.825125,,307.753324508667,4,1.511351777777778,1.5375597777777779,3.9237733948740106
rolling,1785523191.926525,,307.70111083984375,4,1.5195986666666672,1.5210659999999998,2.877297501321551
coherent,1785523192.0265694,446,300.0757694244385,4,1.5034286666666667,1.504896,0.5977170828336076
rolling,1785523192.0265694,,300.0757694244385,4,1.5034286666666667,1.504896,0.5977170828336076
rolling,1785523192.1355748,,310.44983863830566,4,1.5098838888888895,1.511351222222222,1.5051295808208036
rolling,1785523192.2350595,,308.5343837738037,4,1.5089047777777773,1.511840777777778,1.481550153232481
rolling,1785523192.3387105,,312.14118003845215,4,1.5160403888888883,1.497569555555556,1.6223474840622119
coherent,1785523192.436263,447,300.6882667541504,4,1.5137978888888886,1.4953270555555562,1.456770907078296
rolling,1785523192.436263,,300.6882667541504,4,1.5137978888888886,1.4953270555555562,1.456770907078296
rolling,1785523192.545175,,310.1155757904053,4,1.504869888888889,1.4863990555555557,1.44465050296251
rolling,1785523192.6453726,,306.66208267211914,4,1.4895799999999997,1.4940440000000004,1.200209715008182
rolling,1785523192.7463894,,310.12630462646484,4,1.477577722222222,1.518048555555556,2.8783830502312115
coherent,1785523192.8451602,448,299.9851703643799,4,1.4908977222222222,1.5313685555555556,3.2662482122242453
rolling,1785523192.8451602,,299.9851703643799,4,1.4908977222222222,1.5313685555555556,3.2662482122242453
rolling,1785523192.955244,,309.8714351654053,4,1.4840034999999996,1.524474333333334,2.923834818113283
rolling,1785523193.055079,,308.6895942687988,4,1.5085590555555553,1.512196555555556,1.4900114074155524
rolling,1785523193.1581013,,312.9410743713379,4,1.509286222222222,1.5107422222222224,1.4199621876377577
coherent,1785523193.2545154,449,299.2713451385498,4,1.4999466666666665,1.501402666666667,0.14036802421575478
rolling,1785523193.2545154,,299.2713451385498,4,1.4999466666666665,1.501402666666667,0.14036802421575478
rolling,1785523193.3652165,,310.1375102996826,4,1.4999466666666665,1.501402666666667,0.14036802421575478
rolling,1785523193.4652863,,307.18493461608887,4,1.4823226666666665,1.5102146666666671,2.041635444659272
rolling,1785523193.5652788,,310.7633590698242,4,1.4799026666666668,1.5150546666666667,2.511067094992783
coherent,1785523193.6650705,450,299.854040145874,4,1.4875338333333334,1.5226858333333333,2.588536933074134
rolling,1785523193.6650705,,299.854040145874,4,1.4875338333333334,1.5226858333333333,2.588536933074134
rolling,1785523193.775186,,309.89980697631836,4,1.5008688333333333,1.5360208333333338,3.603131007039468
rolling,1785523193.8753052,,310.0264072418213,4,1.5013622777777778,1.5357741111111116,3.5800039476709893
rolling,1785523193.9753904,,310.3199005126953,4,1.5023289444444448,1.5338407777777774,3.392082285013472
coherent,1785523194.0770807,451,301.8946647644043,4,1.5018398333333334,1.533351666666667,3.3402375007458733
rolling,1785523194.0770807,,301.8946647644043,4,1.5018398333333334,1.533351666666667,3.3402375007458733
rolling,1785523194.1852653,,309.96012687683105,4,1.4919465000000005,1.5234583333333331,2.4802263304540584
rolling,1785523194.2851336,,309.74316596984863,4,1.4909593888888895,1.5239518888888888,2.5601281815721824
rolling,1785523194.3851535,,308.0728054046631,4,1.4924127222222225,1.5210452222222224,2.237114575652929
coherent,1785523194.486558,452,301.29265785217285,4,1.4887302222222225,1.517362722222222,2.0699565554052715
rolling,1785523194.486558,,301.29265785217285,4,1.4887302222222225,1.517362722222222,2.0699565554052715
rolling,1785523194.5958073,,310.67371368408203,4,1.4892227777777773,1.517855277777778,2.085568180014226
rolling,1785523194.6967,,311.54656410217285,4,1.5049098888888885,1.5100117222222227,1.1150856054858693
rolling,1785523194.7978084,,311.2504482269287,4,1.5080724999999997,1.5036865000000001,0.8874431728285272
coherent,1785523194.8962107,453,300.403356552124,4,1.5117550000000002,1.507369,1.387379493866057
rolling,1785523194.8962107,,300.403356552124,4,1.5117550000000002,1.507369,1.387379493866057
rolling,1785523195.0097632,,313.0631446838379,4,1.5186741111111108,1.514288111111111,2.3513241905649003
rolling,1785523195.1051455,,307.33704566955566,4,1.4960523333333333,1.525599,2.5901599817600216
rolling,1785523195.206085,,309.8742961883545,4,1.4936178888888887,1.5304678888888892,3.1129143829862516
coherent,1785523195.3064592,454,296.6959476470947,4,1.494839833333333,1.531689833333333,3.2107208796813986
rolling,1785523195.3064592,,296.6959476470947,4,1.494839833333333,1.531689833333333,3.2107208796813986
rolling,1785523195.4150465,,309.90099906921387,4,1.486935833333333,1.5237858333333334,2.7137397039059765
rolling,1785523195.5158415,,309.7565174102783,4,1.5144131666666663,1.5100471666666666,1.7569431732098673
rolling,1785523195.619423,,312.96372413635254,4,1.5175801111111107,1.5037132777777777,1.7967992056263142
coherent,1785523195.719344,455,304.29744720458984,4,1.5062334444444443,1.4923666111111114,0.9855174050770594
rolling,1785523195.719344,,304.29744720458984,4,1.5062334444444443,1.4923666111111114,0.9855174050770594
rolling,1785523195.8281975,,312.35599517822266,4,1.511661333333333,1.4977945000000004,1.1868063252321484
rolling,1785523195.925258,,305.8350086212158,4,1.4985003333333335,1.504375,0.46248919026406043
rolling,1785523196.025304,,305.96017837524414,4,1.4987447222222225,1.5038862222222222,0.4083925251504468
coherent,1785523196.1263225,456,298.1250286102295,4,1.5088694444444446,1.514010944444444,1.6582328213444186
rolling,1785523196.1263225,,298.1250286102295,4,1.5088694444444446,1.514010944444444,1.6582328213444186
rolling,1785523196.2323537,,307.0957660675049,4,1.5108498888888893,1.5159913888888887,1.932471493960304
rolling,1785523196.335246,,309.94200706481934,4,1.4960365555555557,1.5233980555555555,2.3731369443103336
rolling,1785523196.4352052,,308.8827133178711,4,1.4982410555555554,1.518989055555556,1.907034652151443
coherent,1785523196.5350873,457,302.7336597442627,4,1.5016555000000003,1.5224034999999996,2.2464583069800823
rolling,1785523196.5350873,,302.7336597442627,4,1.5016555000000003,1.5224034999999996,2.2464583069800823
rolling,1785523196.6469753,,311.72919273376465,4,1.4962178333333327,1.5169658333333333,1.7382298046831846
rolling,1785523196.7452826,,310.077428817749,4,1.5075926111111102,1.5112784444444447,1.3595993989811106
rolling,1785523196.8460565,,310.96911430358887,4,1.5019767777777766,1.5225101111111117,2.2596742079718144
coherent,1785523196.945035,458,298.05970191955566,4,1.4997842777777777,1.5203176111111112,2.0318756294111835
rolling,1785523196.945035,,298.05970191955566,4,1.4997842777777777,1.5203176111111112,2.0318756294111835
rolling,1785523197.0565023,,311.2196922302246,4,1.5072059444444448,1.5277392777777776,2.8659957553512396
rolling,1785523197.1554308,,309.3743324279785,4,1.5194364999999996,1.5216240000000003,2.907533161031872
rolling,1785523197.2552066,,310.17160415649414,4,1.5267731666666664,1.5069506666666665,2.7660698119754796
coherent,1785523197.3551023,459,298.5999584197998,4,1.523344722222222,1.5035222222222222,2.360894120911449
rolling,1785523197.3551023,,298.5999584197998,4,1.523344722222222,1.5035222222222222,2.360894120911449
rolling,1785523197.4663477,,310.9169006347656,4,1.513952388888889,1.4941298888888885,1.5136953463745242
rolling,1785523197.5651615,,309.9548816680908,4,1.5012297222222226,1.5004912222222218,0.13242039176171516
rolling,1785523197.665431,,310.32872200012207,4,1.5024622222222224,1.498026222222222,0.3155683283800159
coherent,1785523197.761495,460,295.1474189758301,4,1.499753166666667,1.4953171666666665,0.46893341448678877
rolling,1785523197.761495,,295.1474189758301,4,1.499753166666667,1.4953171666666665,0.46893341448678877
rolling,1785523197.8757749,,310.61339378356934,4,1.4928838333333339,1.4884478333333329,1.3568064811247984
rolling,1785523197.9752102,,309.77916717529297,4,1.4904199444444444,1.4896797777777775,1.4081351183873927
rolling,1785523198.0757284,,314.23330307006836,4,1.4779787777777775,1.5145621111111112,2.640055507319594
coherent,1785523198.194798,461,319.02313232421875,4,1.488250111111111,1.5248334444444445,2.7472893037984654
rolling,1785523198.194798,,319.02313232421875,4,1.488250111111111,1.5248334444444445,2.7472893037984654
rolling,1785523198.285268,,310.0578784942627,4,1.4848317777777778,1.5214151111111114,2.6242750413856455
rolling,1785523198.3853645,,309.63611602783203,4,1.488279666666667,1.5196911666666668,2.2915240739274143
rolling,1785523198.4867861,,291.9881343841553,4,1.4928808333333334,1.5104888333333333,1.2676677747825718
coherent,1785523198.5851848,462,299.91674423217773,4,1.4828563333333338,1.500464333333333,1.7149953709039762
rolling,1785523198.5851848,,299.91674423217773,4,1.4828563333333338,1.500464333333333,1.7149953709039762
rolling,1785523198.6953022,,309.9377155303955,4,1.4965949999999997,1.5142030000000002,1.4605452201147608
rolling,1785523198.7949274,,308.14123153686523,4,1.4951186666666663,1.5149411666666668,1.5718329315554809
rolling,1785523198.8958647,,310.6799125671387,4,1.4987794999999997,1.5076195000000001,0.7716631421805918
coherent,1785523198.9950535,463,299.75128173828125,4,1.503692833333333,1.5125328333333334,1.306556272760149
rolling,1785523198.9950535,,299.75128173828125,4,1.503692833333333,1.5125328333333334,1.306556272760149
rolling,1785523199.1051893,,310.26196479797363,4,1.5081458333333329,1.5169858333333333,1.8838076725669524
rolling,1785523199.206931,,311.0663890838623,4,1.4997421666666662,1.5211876666666666,2.1189235399267083
rolling,1785523199.3053272,,310.2736473083496,4,1.4941391111111104,1.532393777777778,3.2919703177337096
coherent,1785523199.4052727,464,300.0833988189697,4,1.4852631111111108,1.5235177777777777,2.775359014124847
rolling,1785523199.4052727,,300.0833988189697,4,1.4852631111111108,1.5235177777777777,2.775359014124847
rolling,1785523199.5203848,,313.45367431640625,4,1.4808101111111114,1.5190647777777775,2.705027887626908
rolling,1785523199.619451,,314.12386894226074,4,1.5029151111111112,1.5080122777777778,0.8526105088397393
rolling,1785523199.7157717,,310.4989528656006,4,1.5060748333333334,1.5016928333333333,0.630628929896356
coherent,1785523199.8185523,465,298.16746711730957,4,1.5115161666666663,1.5071341666666664,1.35468973836156
rolling,1785523199.8185523,,298.16746711730957,4,1.5115161666666663,1.5071341666666664,1.35468973836156
rolling,1785523199.9268296,,307.37853050231934,4,1.5090500555555555,1.5046680555555556,1.0183037279141933
rolling,1785523200.027544,,311.77234649658203,4,1.5105077222222225,1.503939222222222,1.122184022410929
rolling,1785523200.1286228,,310.0705146789551,4,1.505412888888889,1.5141288888888893,1.5130263294405575
coherent,1785523200.2251115,466,298.2819080352783,4,1.5073782222222227,1.5160942222222216,1.7704862385761484
rolling,1785523200.2251115,,298.2819080352783,4,1.5073782222222227,1.5160942222222216,1.7704862385761484
rolling,1785523200.338932,,311.3880157470703,4,1.5108323333333338,1.5195483333333333,2.2348977192604655
rolling,1785523200.4356835,,307.06071853637695,4,1.4941950000000004,1.527867,2.846520180852404
rolling,1785523200.5351014,,309.98992919921875,4,1.493471166666667,1.529314666666667,3.0032904396215847
coherent,1785523200.6350386,467,296.10657691955566,4,1.4951850000000002,1.5310285000000001,3.139987320436192
rolling,1785523200.6350386,,296.10657691955566,4,1.4951850000000002,1.5310285000000001,3.139987320436192
rolling,1785523200.7450137,,309.3302249908447,4,1.497658888888889,1.533502388888889,3.3584086447258334
rolling,1785523200.8451996,,310.09817123413086,4,1.5025788888888887,1.5310423888888893,3.1149327052606983
rolling,1785523200.9450114,,309.97276306152344,4,1.5125578333333332,1.5110845000000002,1.6750084127483567
coherent,1785523201.0449972,468,299.9835014343262,4,1.5098622222222224,1.5083888888888888,1.2947466313940335
rolling,1785523201.0449972,,299.9835014343262,4,1.5098622222222224,1.5083888888888888,1.2947466313940335
rolling,1785523201.1641927,,318.99309158325195,4,1.4990186666666667,1.4975453333333333,0.26435588806674404
rolling,1785523201.2551153,,310.1038932800293,4,1.500490333333334,1.4968094999999997,0.3227958647160832
rolling,1785523201.355745,,310.7478618621826,4,1.496817833333334,1.5041544999999998,0.5233168728833337
coherent,1785523201.45709,469,292.89722442626953,4,1.4946023333333336,1.5019389999999995,0.5735375004691466
rolling,1785523201.45709,,292.89722442626953,4,1.4946023333333336,1.5019389999999995,0.5735375004691466
rolling,1785523201.5649521,,309.83686447143555,4,1.5005036666666667,1.5078403333333332,0.785649456748283
rolling,1785523201.665102,,309.3569278717041,4,1.4856969999999998,1.5152436666666667,2.090323377959614
rolling,1785523201.7668176,,309.72766876220703,4,1.4869183888888888,1.5128008888888886,1.8302767703492822
coherent,1785523201.8650846,470,300.13251304626465,4,1.4896249999999993,1.5155075000000005,1.8658059418118174
rolling,1785523201.8650846,,300.13251304626465,4,1.4896249999999993,1.5155075000000005,1.8658059418118174
rolling,1785523201.9793968,,314.29481506347656,4,1.4866703333333333,1.5125528333333331,1.830993277264786
rolling,1785523202.075307,,308.4893226623535,4,1.500496111111111,1.5056399444444444,0.5661722314895603
rolling,1785523202.1764433,,311.3586902618408,4,1.5024561111111108,1.5017199444444445,0.29984480455891055
coherent,1785523202.2708776,471,291.48077964782715,4,1.4940467777777782,1.4933106111111112,0.8954818732612345
rolling,1785523202.2708776,,291.48077964782715,4,1.4940467777777782,1.4933106111111112,0.8954818732612345
rolling,1785523202.385049,,309.7422122955322,4,1.4940467777777782,1.4933106111111112,0.8954818732612345
rolling,1785523202.487035,,310.5916976928711,4,1.498453777777778,1.4911071111111114,0.9026310206868129
rolling,1785523202.586374,,315.49644470214844,4,1.499682388888889,1.4886498888888888,1.1354554110684858
coherent,1785523202.6850626,472,300.01354217529297,4,1.507846222222222,1.4968137222222224,0.846850454552923
rolling,1785523202.6850626,,300.01354217529297,4,1.507846222222222,1.4968137222222224,0.846850454552923
rolling,1785523202.7948744,,307.83939361572266,4,1.510800888888889,1.4997683888888882,1.0803371904036168
rolling,1785523202.8950012,,308.6271286010742,4,1.5103121111111109,1.5000127777777774,1.0312119027605378
rolling,1785523202.9956539,,310.5912208557129,4,1.5108043333333327,1.4990283333333332,1.0847937817340056
coherent,1785523203.0950313,473,300.156831741333,4,1.5117856666666663,1.5000096666666667,1.1785670630991365
rolling,1785523203.0950313,,300.156831741333,4,1.5117856666666663,1.5000096666666667,1.1785670630991365
rolling,1785523203.2051861,,310.1849555969238,4,1.5127723333333332,1.5009963333333334,1.2811134957094341
rolling,1785523203.3080206,,312.3667240142822,4,1.4975099999999997,1.5086275000000002,0.8979635641272179
rolling,1785523203.4052446,,310.2133274078369,4,1.4877499999999997,1.5281475000000004,3.069762623151882
coherent,1785523203.505346,474,300.1599311828613,4,1.4867686666666666,1.5271661666666667,3.0217028198333677
rolling,1785523203.505346,,300.1599311828613,4,1.4867686666666666,1.5271661666666667,3.0217028198333677
rolling,1785523203.618515,,310.49442291259766,4,1.487756222222222,1.5281537222222221,3.0700849650093613
rolling,1785523203.7197793,,314.53466415405273,4,1.499590888888889,1.5222363888888886,2.2240152039028906
rolling,1785523203.8163567,,311.01059913635254,4,1.5025002222222223,1.5164177222222217,1.6607007982370785
coherent,1785523203.9156053,475,297.0902919769287,4,1.5049502222222224,1.5188677222222218,1.9506297493484144
rolling,1785523203.9156053,,297.0902919769287,4,1.5049502222222224,1.5188677222222218,1.9506297493484144
rolling,1785523204.0267227,,306.943416595459,4,1.4912053333333335,1.5051228333333329,1.0177896793487402
rolling,1785523204.125127,,308.77041816711426,4,1.4892417777777782,1.5061046111111105,1.2369544138754678
rolling,1785523204.2256408,,310.03546714782715,4,1.4904587222222225,1.5036707222222219,1.0223022217789786
coherent,1785523204.324914,476,298.1913089752197,4,1.4884996111111113,1.5017116111111108,1.16270614168565
rolling,1785523204.324914,,298.1913089752197,4,1.4884996111111113,1.5017116111111108,1.16270614168565
rolling,1785523204.4351726,,310.0454807281494,4,1.4992845,1.5124965000000001,1.2516966585399332
rolling,1785523204.5349016,,309.2608451843262,4,1.5076050555555554,1.5083362222222223,1.1284036110424152
rolling,1785523204.6365507,,311.63668632507324,4,1.5085806111111109,1.5063851111111113,1.0695631395170455
coherent,1785523204.736524,477,301.35154724121094,4,1.5051350555555554,1.5029395555555558,0.5916906490966303
rolling,1785523204.736524,,301.35154724121094,4,1.5051350555555554,1.5029395555555558,0.5916906490966303
rolling,1785523204.8452327,,310.3311061859131,4,1.5061208333333334,1.5039253333333331,0.7271371429945025
rolling,1785523204.9449036,,308.3529472351074,4,1.5070954999999997,1.503438,0.7884539571211251
rolling,1785523205.0453146,,308.7904453277588,4,1.5085621666666664,1.5005046666666666,0.857702666850337
coherent,1785523205.1462705,478,301.0377883911133,4,1.5132330000000003,1.5051754999999998,1.42090847435718
rolling,1785523205.1462705,,301.0377883911133,4,1.5132330000000003,1.5051754999999998,1.42090847435718
rolling,1785523205.2585866,,313.68303298950195,4,1.5102783333333332,1.5022208333333333,1.0515523610622162
rolling,1785523205.355115,,309.800386428833,4,1.4896236666666665,1.5125481666666667,1.628265273654431
rolling,1785523205.455216,,308.9454174041748,4,1.4925689999999996,1.5066575000000002,0.9977077089509172
coherent,1785523205.5568213,479,298.2347011566162,4,1.4846792222222223,1.4987677222222222,1.537025504790513
rolling,1785523205.5568213,,298.2347011566162,4,1.4846792222222223,1.4987677222222222,1.537025504790513
rolling,1785523205.6649358,,309.82089042663574,4,1.4856632222222224,1.499751722222222,1.4338927397274777
rolling,1785523205.7672021,,311.98620796203613,4,1.4920982222222223,1.496534222222222,0.862842440161128
rolling,1785523205.8654304,,308.6090087890625,4,1.4784902222222223,1.5237502222222223,3.2042840006065707
coherent,1785523205.9659965,480,301.06067657470703,4,1.4802258333333336,1.5254858333333332,3.2257485457728095
rolling,1785523205.9659965,,301.06067657470703,4,1.4802258333333336,1.5254858333333332,3.2257485457728095
rolling,1785523206.0750499,,307.8477382659912,4,1.4876341666666668,1.5328941666666662,3.5141713599683633
rolling,1785523206.1751602,,309.72981452941895,4,1.4984386111111114,1.527491944444444,2.753624783079088
rolling,1785523206.2751698,,309.1733455657959,4,1.5103265555555556,1.5037160555555553,1.0974826583320128
coherent,1785523206.3762653,481,301.21541023254395,4,1.5208687222222224,1.514258222222222,2.5274502331926225
rolling,1785523206.3762653,,301.21541023254395,4,1.5208687222222224,1.514258222222222,2.5274502331926225
rolling,1785523206.4851298,,309.9696636199951,4,1.522356388888889,1.5157458888888886,2.734485584259792
rolling,1785523206.5863705,,311.2006187438965,4,1.5085866111111108,1.5226307777777779,2.4204999343123665
rolling,1785523206.6851764,,308.9110851287842,4,1.5020031111111112,1.5357977777777772,3.585377731774677
coherent,1785523206.7825298,482,297.39999771118164,4,1.4956533333333337,1.5294479999999997,2.976706594730307
rolling,1785523206.7825298,,297.39999771118164,4,1.4956533333333337,1.5294479999999997,2.976706594730307
rolling,1785523206.8993084,,312.93797492980957,4,1.4921852222222223,1.5259798888888891,2.712978765849585
rolling,1785523206.99645,,311.27357482910156,4,1.5000749999999998,1.5220350000000002,2.2035127637479457
rolling,1785523207.0952358,,312.70599365234375,4,1.5044549999999999,1.5132750000000001,1.4002594402467095
coherent,1785523207.1952746,483,295.96614837646484,4,1.5029789999999998,1.5117990000000001,1.2169258071057651
rolling,1785523207.1952746,,295.96614837646484,4,1.5029789999999998,1.5117990000000001,1.2169258071057651
rolling,1785523207.3050044,,308.55441093444824,4,1.5104240000000007,1.5192439999999996,2.188587014491309
rolling,1785523207.4051075,,309.8716735839844,4,1.5104240000000007,1.5192439999999996,2.188587014491309
rolling,1785523207.5052252,,309.950590133667,4,1.5050755555555562,1.5299408888888884,3.0368043922095063
coherent,1785523207.6050978,484,300.093412399292,4,1.504582666666667,1.5294479999999997,2.9802441808982088
rolling,1785523207.6050978,,300.093412399292,4,1.504582666666667,1.5294479999999997,2.9802441808982088
rolling,1785523207.7183647,,313.25721740722656,4,1.4917097777777777,1.5165751111111112,1.8532730312598593
rolling,1785523207.8171291,,311.9039535522461,4,1.4951436666666666,1.5148581666666667,1.5631669461029774
rolling,1785523207.9155424,,310.44459342956543,4,1.4939356111111113,1.5172742777777777,1.8307853105689391
coherent,1785523208.0165167,485,298.15196990966797,4,1.495167,1.5185056666666663,1.9126358455748065
rolling,1785523208.0165167,,298.15196990966797,4,1.495167,1.5185056666666663,1.9126358455748065
rolling,1785523208.125938,,308.8088035583496,4,1.4976308888888887,1.5209695555555558,2.110296063717913
rolling,1785523208.2251768,,309.6344470977783,4,1.4927220000000003,1.523424,2.4528617164446715
rolling,1785523208.3250751,,308.55846405029297,4,1.4968407222222226,1.5151865555555553,1.5511689325122655
coherent,1785523208.4250734,486,299.1354465484619,4,1.5019822222222226,1.5203280555555554,2.04244717828398
rolling,1785523208.4250734,,299.1354465484619,4,1.5019822222222226,1.5203280555555554,2.04244717828398
rolling,1785523208.5379236,,312.7467632293701,4,1.4941173333333333,1.5124631666666668,1.378173757086624
rolling,1785523208.6366544,,311.57922744750977,4,1.501472333333333,1.508785666666667,0.8908181869620071
rolling,1785523208.7352252,,310.1518154144287,4,1.5007431666666666,1.510244,1.027092170617821
coherent,1785523208.8350596,487,297.1360683441162,4,1.4931361111111112,1.5026369444444445,0.7352988962462655
rolling,1785523208.8350596,,297.1360683441162,4,1.4931361111111112,1.5026369444444445,0.7352988962462655
rolling,1785523208.948999,,312.3445510864258,4,1.5084259999999998,1.5179268333333331,1.9808302031246905
rolling,1785523209.0458496,,310.624361038208,4,1.499594,1.522342833333333,2.2346521817972036
rolling,1785523209.1455553,,310.49561500549316,4,1.5027609444444445,1.5160089444444442,1.6245279820631306
coherent,1785523209.2449865,488,295.987606048584,4,1.5137684444444441,1.5270164444444447,3.0322571342805236
rolling,1785523209.2449865,,295.987606048584,4,1.5137684444444441,1.5270164444444447,3.0322571342805236
rolling,1785523209.354879,,309.02934074401855,4,1.510297222222223,1.523545222222222,2.5698448882912492
rolling,1785523209.45505,,309.4947338104248,4,1.5132492222222227,1.5220692222222223,2.574087137195767
rolling,1785523209.5567589,,311.77234649658203,4,1.5079007777777782,1.532766111111111,3.370519732681458
coherent,1785523209.655261,489,300.382137298584,4,1.4986203333333337,1.5234856666666665,2.352615605849967
rolling,1785523209.655261,,300.382137298584,4,1.4986203333333337,1.5234856666666665,2.352615605849967
rolling,1785523209.766052,,311.0020160675049,4,1.4926950000000005,1.5175603333333332,1.901915696811413
rolling,1785523209.8651025,,308.34364891052246,4,1.4975972222222222,1.5151092222222224,1.52990828878689
rolling,1785523209.965014,,309.7529411315918,4,1.5000216666666668,1.5102603333333335,1.0260356209974377
coherent,1785523210.065741,490,299.68905448913574,4,1.4985416666666667,1.5087803333333336,0.8900617369349187
rolling,1785523210.065741,,299.68905448913574,4,1.4985416666666667,1.5087803333333336,0.8900617369349187
rolling,1785523210.177742,,312.6394748687744,4,1.4975572222222229,1.5077958888888885,0.816964178158974
rolling,1785523210.2750938,,310.07981300354004,4,1.4877305555555558,1.512709222222222,1.766532186146422
rolling,1785523210.3751795,,309.43846702575684,4,1.4814501111111114,1.5252701111111113,3.1347677638989886
coherent,1785523210.4764667,491,298.7246513366699,4,1.4799661111111115,1.5237861111111108,3.1098806822809766
rolling,1785523210.4764667,,298.7246513366699,4,1.4799661111111115,1.5237861111111108,3.1098806822809766
rolling,1785523210.5849185,,309.82470512390137,4,1.477018111111111,1.520838111111111,3.102247719928643
rolling,1785523210.685125,,309.94558334350586,4,1.4794831111111109,1.5196056111111111,2.8378208483256078
rolling,1785523210.785123,,308.6564540863037,4,1.4881991111111108,1.5021736111111108,1.1999398477850995
coherent,1785523210.8849626,492,300.04405975341797,4,1.486711111111111,1.500685611111111,1.3306563436774876
rolling,1785523210.8849626,,300.04405975341797,4,1.486711111111111,1.500685611111111,1.3306563436774876
rolling,1785523210.9952624,,310.1372718811035,4,1.4847502222222222,1.4987247222222222,1.5303008059924026
rolling,1785523211.0949638,,309.8406791687012,4,1.491622666666667,1.4952885,0.9611344652428829
rolling,1785523211.1954765,,310.513973236084,4,1.4872466666666668,1.5040405000000001,1.337808474188693
coherent,1785523211.2912195,493,295.957088470459,4,1.4802497777777777,1.4970436111111116,1.9970265724058547
rolling,1785523211.2912195,,295.957088470459,4,1.4802497777777777,1.4970436111111116,1.9970265724058547
rolling,1785523211.4125445,,317.5806999206543,4,1.4910786666666669,1.5078725000000002,1.1898169804404508
rolling,1785523211.5048866,,309.41009521484375,4,1.4940106666666666,1.5064065000000002,0.8770140023271077
rolling,1785523211.6055183,,314.2988681793213,4,1.5018151111111109,1.4907976111111114,0.9379690272499309
coherent,1785523211.704957,494,292.41251945495605,4,1.508812,1.4977944999999997,0.9083808356080729
rolling,1785523211.704957,,292.41251945495605,4,1.508812,1.4977944999999997,0.9083808356080729
rolling,1785523211.8191621,,314.27550315856934,4,1.502400111111111,1.4913826111111115,0.8945385660105301
rolling,1785523211.9179761,,312.457799911499,4,1.4950551111111112,1.4950551111111112,0.6993128931094532
rolling,1785523212.0167732,,311.8162155151367,4,1.4891911111111114,1.506783111111111,1.2760982538896344
coherent,1785523212.1161842,495,297.02210426330566,4,1.4936431111111113,1.5112351111111106,1.2908824811913708
rolling,1785523212.1161842,,297.02210426330566,4,1.4936431111111113,1.5112351111111106,1.2908824811913708
rolling,1785523212.2257771,,307.8010082244873,4,1.4936431111111113,1.5112351111111106,1.2908824811913708
rolling,1785523212.3267605,,309.98730659484863,4,1.4897053333333337,1.5132039999999995,1.6742932173838585
rolling,1785523212.4303246,,314.14031982421875,4,1.4948328333333334,1.5029489999999999,0.5949471603521591
coherent,1785523212.525138,496,299.3607521057129,4,1.498270611111111,1.506386777777778,0.6616775371110237
rolling,1785523212.525138,,299.3607521057129,4,1.498270611111111,1.506386777777778,0.6616775371110237
rolling,1785523212.636508,,309.74745750427246,4,1.4953239444444448,1.5034401111111106,0.5805158052579213
rolling,1785523212.7351253,,304.80074882507324,4,1.5109897222222226,1.4956072222222216,1.1835137985108446
rolling,1785523212.835046,,309.9081516265869,4,1.5000622222222224,1.5174622222222225,1.7462333078464036
coherent,1785523212.934963,497,298.45499992370605,4,1.4961315555555557,1.5135315555555557,1.407365830808904
rolling,1785523212.934963,,298.45499992370605,4,1.4961315555555557,1.5135315555555557,1.407365830808904
rolling,1785523213.0478933,,312.76798248291016,4,1.492215111111111,1.5096151111111111,1.2371534128448234
rolling,1785523213.1451008,,310.0547790527344,4,1.481960111111111,1.5147426111111113,2.329768601163914
rolling,1785523213.2453074,,310.3444576263428,4,1.4926423333333332,1.493378166666667,0.9898683522177076
coherent,1785523213.3450015,498,297.1081733703613,4,1.5019312222222223,1.5026670555555555,0.32928414185964877
rolling,1785523213.3450015,,297.1081733703613,4,1.5019312222222223,1.5026670555555555,0.32928414185964877
rolling,1785523213.455315,,310.2142810821533,4,1.5078112222222224,1.5085470555555556,1.1578745669315593
rolling,1785523213.5551822,,309.8747730255127,4,1.5185521111111109,1.5031766111111113,1.8822106280388489
rolling,1785523213.6586158,,313.6143684387207,4,1.5073894444444444,1.5255019444444442,2.6550952141967517
coherent,1785523213.7586591,499,303.3440113067627,4,1.5039858888888888,1.5220983888888886,2.245497944152082
rolling,1785523213.7586591,,303.3440113067627,4,1.5039858888888888,1.5220983888888886,2.245497944152082
rolling,1785523213.86512,,309.9377155303955,4,1.5148490000000001,1.5329614999999999,3.6151808851701936
rolling,1785523213.965172,,306.55622482299805,4,1.5006680000000003,1.5400519999999998,4.005757017094249
rolling,1785523214.0649302,,306.2710762023926,4,1.5088960000000002,1.5235960000000002,2.5217256631124894
coherent,1785523214.1653461,500,300.22621154785156,4,1.502517333333333,1.517217333333333,1.7400388910084978
rolling,1785523214.1653461,,300.22621154785156,4,1.502517333333333,1.517217333333333,1.7400388910084978
rolling,1785523214.271137,,305.9649467468262,4,1.5030136666666665,1.517713666666667,1.7968198951357608
rolling,1785523214.3753343,,310.40406227111816,4,1.494117666666667,1.5221616666666669,2.2929049585381738
rolling,1785523214.4753635,,310.01734733581543,4,1.4911990000000002,1.527999,2.9349643984212195
coherent,1785523214.5754635,501,304.32653427124023,4,1.494397722222222,1.5311977222222226,3.169674097055323
rolling,1785523214.5754635,,304.32653427124023,4,1.494397722222222,1.5311977222222226,3.169674097055323
rolling,1785523214.6850038,,309.66949462890625,4,1.4859902777777778,1.5227902777777778,2.675199203670816
rolling,1785523214.7850764,,309.71288681030273,4,1.504198388888889,1.513686222222222,1.4315695860781315
rolling,1785523214.8851514,,309.68785285949707,4,1.5134957222222223,1.4950915555555553,1.4360617854520905
coherent,1785523214.9849293,502,299.9255657196045,4,1.5130048333333332,1.4946006666666662,1.4081139530315878
rolling,1785523214.9849293,,299.9255657196045,4,1.5130048333333332,1.4946006666666662,1.4081139530315878
rolling,1785523215.094937,,309.8607063293457,4,1.515964833333333,1.497560666666666,1.6150116113273532
rolling,1785523215.195122,,309.9706172943115,4,1.5056678333333333,1.502709166666666,0.6282031416844311
rolling,1785523215.2951863,,310.2569580078125,4,1.4970986666666664,1.5198475,2.0058439404926633
coherent,1785523215.400668,503,305.73081970214844,4,1.5019875555555553,1.5247363888888892,2.4816109935861803
rolling,1785523215.400668,,305.73081970214844,4,1.5019875555555553,1.5247363888888892,2.4816109935861803
rolling,1785523215.505029,,309.9069595336914,4,1.495584333333333,1.5183331666666668,1.8857441823823788
rolling,1785523215.6049695,,309.7832202911377,4,1.4985363333333341,1.5168571666666661,1.6920590655732708
rolling,1785523215.7049131,,304.2452335357666,4,1.4973232777777785,1.5192832777777776,1.946817001440726
coherent,1785523215.8016129,504,296.583890914917,4,1.4941505555555559,1.5161105555555556,1.713960328062708
rolling,1785523215.8016129,,296.583890914917,4,1.4941505555555559,1.5161105555555556,1.713960328062708
rolling,1785523215.9210353,,316.06578826904297,4,1.503026555555556,1.524986555555555,2.516918745334673
rolling,1785523216.0151846,,310.2715015411377,4,1.5108594444444448,1.5210701111111107,2.3703947263621132
rolling,1785523216.1183193,,316.70641899108887,4,1.516217666666667,1.5103536666666662,1.9240871226520713
coherent,1785523216.217251,505,296.2157726287842,4,1.516462388888889,1.510598388888889,1.9578970733139769
rolling,1785523216.217251,,296.2157726287842,4,1.516462388888889,1.510598388888889,1.9578970733139769
rolling,1785523216.3251686,,309.9839687347412,4,1.513495722222222,1.507631722222222,1.5504118884236378
rolling,1785523216.4289627,,310.64343452453613,4,1.505662833333334,1.5115481666666661,1.286187524127866
rolling,1785523216.525582,,308.3310127258301,4,1.5022468333333336,1.5183801666666665,1.8516986437382803
coherent,1785523216.624811,506,299.64232444763184,4,1.4960954444444445,1.5122287777777779,1.2836999650412584
rolling,1785523216.624811,,299.64232444763184,4,1.4960954444444445,1.5122287777777779,1.2836999650412584
rolling,1785523216.735889,,306.9262504577637,4,1.487243444444445,1.5033767777777776,1.319592125629947
rolling,1785523216.8362823,,310.7001781463623,4,1.4921456666666661,1.500925666666667,0.7908692109881238
rolling,1785523216.9349804,,310.1694583892822,4,1.495561666666666,1.494093666666667,0.7388069857697811
coherent,1785523217.035158,507,299.2689609527588,4,1.5014683333333332,1.5000003333333334,0.1468333371168975
rolling,1785523217.035158,,299.2689609527588,4,1.5014683333333332,1.5000003333333334,0.1468333371168975
rolling,1785523217.1450038,,308.72154235839844,4,1.5063772222222223,1.5049092222222225,0.8047945458237658
rolling,1785523217.2449255,,309.94510650634766,4,1.5088200000000003,1.5036878333333334,0.9559943236988914
rolling,1785523217.345136,,309.9780082702637,4,1.508086166666667,1.5051555,0.9589852533335256
coherent,1785523217.444948,508,299.9441623687744,4,1.500692833333333,1.4977621666666667,0.2342630157655004
rolling,1785523217.444948,,299.9441623687744,4,1.500692833333333,1.4977621666666667,0.2342630157655004
rolling,1785523217.5597026,,314.777135848999,4,1.4865182777777783,1.4835876111111108,2.12396643833484
rolling,1785523217.6548622,,309.7262382507324,4,1.4835862777777782,1.4850536111111108,2.219920759860967
rolling,1785523217.7553594,,310.4114532470703,4,1.4775098888888891,1.4972063888888891,2.2662951282439696
coherent,1785523217.8596003,509,299.8976707458496,4,1.484903222222222,1.5045997222222227,1.5781956272693822
rolling,1785523217.8596003,,299.8976707458496,4,1.484903222222222,1.5045997222222227,1.5781956272693822
rolling,1785523217.965026,,310.1637363433838,4,1.4966205555555556,1.5163170555555556,1.6663341404297478
rolling,1785523218.0648954,,309.5359802246094,4,1.4912244444444442,1.5190151111111114,2.094241690628278
rolling,1785523218.1671968,,307.59644508361816,4,1.4847399444444442,1.5319841111111114,3.543801150073986
coherent,1785523218.2649758,510,299.94988441467285,4,1.488642166666667,1.5358863333333335,3.7640793006243802
rolling,1785523218.2649758,,299.94988441467285,4,1.488642166666667,1.5358863333333335,3.7640793006243802
rolling,1785523218.3750265,,310.1310729980469,4,1.5049625000000002,1.552206666666666,5.244199129223054
rolling,1785523218.47505,,307.85322189331055,4,1.5044706111111112,1.5524526111111108,5.264278465355164
rolling,1785523218.5755212,,310.5454444885254,4,1.5095071111111111,1.542379611111111,4.343289766534136
coherent,1785523218.6752355,511,300.20904541015625,4,1.5041342222222218,1.5370067222222223,3.723693439336055
rolling,1785523218.6752355,,300.20904541015625,4,1.5041342222222218,1.5370067222222223,3.723693439336055
rolling,1785523218.7851434,,310.0934028625488,4,1.4917481111111113,1.524620611111111,2.596667405963119
rolling,1785523218.8849213,,309.4000816345215,4,1.5025183333333334,1.5192355,1.939965110582602
rolling,1785523218.9859257,,310.69016456604004,4,1.5085780555555557,1.5071160555555556,1.1145460232038586
coherent,1785523219.085278,512,300.13465881347656,4,1.5144367222222224,1.512974722222222,1.941036746858318
rolling,1785523219.085278,,300.13465881347656,4,1.5144367222222224,1.512974722222222,1.941036746858318
rolling,1785523219.1971936,,312.272310256958,4,1.5278197222222223,1.5263577222222222,3.8323184435344557
rolling,1785523219.2950463,,309.12065505981445,4,1.5263573888888888,1.527088888888889,3.7795764978032804
rolling,1785523219.4036834,,318.4053897857666,4,1.5288007222222222,1.5222022222222218,3.6365096894227054
coherent,1785523219.495037,513,297.84345626831055,4,1.5268549444444448,1.5202564444444444,3.363794854989049
rolling,1785523219.495037,,297.84345626831055,4,1.5268549444444448,1.5202564444444444,3.363794854989049
rolling,1785523219.607366,,312.3197555541992,4,1.5100287222222224,1.503430222222222,1.0599136469747097
rolling,1785523219.7053406,,301.65719985961914,4,1.5036688333333328,1.506610166666667,0.756006887461273
rolling,1785523219.8052895,,310.25242805480957,4,1.5009817777777772,1.511984277777778,1.2024425202889462
coherent,1785523219.9052482,514,297.882080078125,4,1.495101777777778,1.5061042777777776,0.7826543817454712
rolling,1785523219.9052482,,297.882080078125,4,1.495101777777778,1.5061042777777776,0.7826543817454712
rolling,1785523220.019189,,313.84825706481934,4,1.500024,1.5110265000000003,1.1026526118864728
rolling,1785523220.1168892,,311.5997314453125,4,1.4985510000000004,1.511763,1.1851909972658332
rolling,1785523220.2175515,,312.3033046722412,4,1.4953927222222225,1.5180795555555557,1.8657366845512484
coherent,1785523220.3103697,515,291.1808490753174,4,1.5046731666666668,1.52736,2.7756226088833635
rolling,1785523220.3103697,,291.1808490753174,4,1.5046731666666668,1.52736,2.7756226088833635
rolling,1785523220.4258506,,308.9613914489746,4,1.4933852777777779,1.5160721111111108,1.7380083591428785
rolling,1785523220.5250964,,307.5449466705322,4,1.505113277777778,1.510208111111111,1.1417142466024761
rolling,1785523220.6267302,,316.3604736328125,4,1.5116937777777777,1.4970471111111112,1.2060845389365134
coherent,1785523220.7256274,516,299.7767925262451,4,1.5011802777777778,1.4865336111111114,1.3518013365117643
rolling,1785523220.7256274,,299.7767925262451,4,1.5011802777777778,1.4865336111111114,1.3518013365117643
rolling,1785523220.836325,,311.22851371765137,4,1.5238736111111109,1.5092269444444444,2.5594644191029867
rolling,1785523220.9349735,,308.2432746887207,4,1.5160691666666664,1.5131291666666666,2.075073817294728
rolling,1785523221.0349984,,309.3709945678711,4,1.5126469444444444,1.5199736111111108,2.3640861756686298
coherent,1785523221.1351025,517,298.77758026123047,4,1.51388,1.5212066666666666,2.534515952033258
rolling,1785523221.1351025,,298.77758026123047,4,1.51388,1.5212066666666666,2.534515952033258
rolling,1785523221.2449865,,310.0130558013916,4,1.509403,1.5167296666666668,1.9191095741978403
rolling,1785523221.3452747,,310.2762699127197,4,1.5176933333333333,1.5125845,2.1712293400155698
rolling,1785523221.4452603,,310.15777587890625,4,1.5145350555555557,1.5189010555555553,2.3843610068890126
coherent,1785523221.5451643,518,300.17781257629395,4,1.5115710555555557,1.5159370555555554,1.9694645628967649
rolling,1785523221.5451643,,300.17781257629395,4,1.5115710555555557,1.5159370555555554,1.9694645628967649
rolling,1785523221.6555238,,310.24909019470215,4,1.5160480555555556,1.5204140555555552,2.5966781690064935
rolling,1785523221.7634323,,318.1719779968262,4,1.4919781666666667,1.5324489999999995,3.3425849443622897
rolling,1785523221.854992,,309.8275661468506,4,1.4968448333333335,1.522715666666666,2.2933743453817566
coherent,1785523221.9550352,519,299.5114326477051,4,1.4983288333333338,1.5241996666666662,2.425730126797972
rolling,1785523221.9550352,,299.5114326477051,4,1.4983288333333338,1.5241996666666662,2.425730126797972
rolling,1785523222.0657105,,302.2782802581787,4,1.490382166666667,1.516253,1.8885516329393104
rolling,1785523222.1670744,,312.08252906799316,4,1.5115333888888884,1.5056773888888892,1.2855030293936238
rolling,1785523222.2795596,,324.5244026184082,4,1.5120224999999996,1.504699166666667,1.2908240531191846
coherent,1785523222.3649476,520,299.2370128631592,4,1.5193825,1.5120591666666667,2.2827720143379393
rolling,1785523222.3649476,,299.2370128631592,4,1.5193825,1.5120591666666667,2.2827720143379393
rolling,1785523222.4752274,,308.1529140472412,4,1.514444722222222,1.5071213888888895,1.6104787480247926
rolling,1785523222.5769145,,297.35493659973145,4,1.5007184999999998,1.5139845000000005,1.4002945493717172
rolling,1785523222.6785877,,313.6401176452637,4,1.498521,1.5183795,1.8438911606979402
coherent,1785523222.7751381,521,299.9107837677002,4,1.4953439444444445,1.5152024444444445,1.5899470759205825
rolling,1785523222.7751381,,299.9107837677002,4,1.4953439444444445,1.5152024444444445,1.5899470759205825
rolling,1785523222.8848987,,307.9841136932373,4,1.5002817222222222,1.5201402222222224,2.0142192496622524
rolling,1785523222.990064,,311.4762306213379,4,1.5101039444444444,1.5152291111111114,1.8276091446778064
rolling,1785523223.085209,,310.0707530975342,4,1.5093734444444449,1.5166901111111106,1.9142133362149396
coherent,1785523223.1850069,522,300.1081943511963,4,1.5132809999999999,1.520597666666667,2.450813809964192
rolling,1785523223.1850069,,300.1081943511963,4,1.5132809999999999,1.520597666666667,2.450813809964192
rolling,1785523223.2973647,,307.3008060455322,4,1.4902666666666666,1.4975833333333333,1.002886112953792
rolling,1785523223.3953886,,310.1797103881836,4,1.4897776666666667,1.4978278333333332,1.045056968808667
rolling,1785523223.4950187,,310.0118637084961,4,1.4890481666666664,1.4992868333333333,1.0975028931878106
coherent,1785523223.5951264,523,297.7616786956787,4,1.4802161666666664,1.4904548333333334,2.1966116362606365
rolling,1785523223.5951264,,297.7616786956787,4,1.4802161666666664,1.4904548333333334,2.1966116362606365
rolling,1785523223.7051528,,309.76414680480957,4,1.496323833333333,1.5065625,0.7522008216634263
rolling,1785523223.8050191,,310.0004196166992,4,1.4997421666666668,1.5048533333333332,0.4860177205845524
rolling,1785523223.909238,,314.11170959472656,4,1.5051150555555557,1.4941075555555554,0.7802864529599822
coherent,1785523224.0049644,524,299.81160163879395,4,1.5061034999999996,1.495096,0.7829554792578902
rolling,1785523224.0049644,,299.81160163879395,4,1.5061034999999996,1.495096,0.7829554792578902
rolling,1785523224.1182384,,313.2193088531494,4,1.5144958333333338,1.5034883333333329,1.4909649676375132
rolling,1785523224.2156618,,306.4236640930176,4,1.5007571666666668,1.5103576666666665,1.0385305009429688
rolling,1785523224.3184993,,313.5349750518799,4,1.4944131666666667,1.5230456666666667,2.3713191662143642
coherent,1785523224.4206538,525,302.4153709411621,4,1.4976133333333332,1.5262458333333333,2.6354125770719232
rolling,1785523224.4206538,,302.4153709411621,4,1.4976133333333332,1.5262458333333333,2.6354125770719232
rolling,1785523224.527401,,311.7392063140869,4,1.4911898888888886,1.519822388888889,2.1692052900831738
rolling,1785523224.6249483,,306.44893646240234,4,1.5000418888888885,1.5153963888888893,1.5396445872243554
rolling,1785523224.728028,,307.3742389678955,4,1.5063858888888886,1.502708388888889,0.6936493874767579
coherent,1785523224.8207858,526,293.3847904205322,4,1.5076117222222218,1.503934222222222,0.8568338210066855
rolling,1785523224.8207858,,293.3847904205322,4,1.5076117222222218,1.503934222222222,0.8568338210066855
rolling,1785523224.9370718,,312.12353706359863,4,1.5194997222222224,1.5158222222222222,2.5111389503434807
rolling,1785523225.0349514,,306.92338943481445,4,1.503216055555556,1.5239640555555554,2.417889517753379
rolling,1785523225.1363828,,315.5970573425293,4,1.501500666666667,1.5273948333333334,2.7435905193843317
coherent,1785523225.2351751,527,298.10333251953125,4,1.4997837222222223,1.5256778888888893,2.5678799696779184
rolling,1785523225.2351751,,298.10333251953125,4,1.4997837222222223,1.5256778888888893,2.5678799696779184
rolling,1785523225.3464866,,311.535120010376,4,1.485926833333333,1.5118210000000003,1.8379065836646649
rolling,1785523225.4449308,,308.5479736328125,4,1.4903918333333328,1.5095885000000004,1.3574100299631762
rolling,1785523225.5458825,,310.70733070373535,4,1.4913713888888884,1.507629388888889,1.1517834194183414
coherent,1785523225.6450043,528,298.51770401000977,4,1.4881683333333329,1.5044263333333334,1.2632527969052774
rolling,1785523225.6450043,,298.51770401000977,4,1.4881683333333329,1.5044263333333334,1.2632527969052774
rolling,1785523225.755898,,310.96720695495605,4,1.4817939999999998,1.4980520000000002,1.8309919169674271
rolling,1785523225.8549922,,309.1096878051758,4,1.4960587777777778,1.4909196111111112,0.9898822908729791
rolling,1785523225.956891,,311.8867874145508,4,1.495568777777778,1.491899611111111,0.9233202615233358
coherent,1785523226.0553057,529,299.4077205657959,4,1.4975421111111114,1.4938729444444445,0.6601668544465527
rolling,1785523226.0553057,,299.4077205657959,4,1.4975421111111114,1.4938729444444445,0.6601668544465527
rolling,1785523226.16543,,310.4379177093506,4,1.5039164444444446,1.5002472777777776,0.39242430334783884
rolling,1785523226.2647846,,307.8935146331787,4,1.502938666666667,1.5007361666666663,0.3029472419232572
rolling,1785523226.3666463,,311.3405704498291,4,1.4939538333333338,1.518705833333333,1.9658696092455803
coherent,1785523226.465262,530,299.8318672180176,4,1.4954291666666668,1.5201811666666667,2.069231754513952
rolling,1785523226.465262,,299.8318672180176,4,1.4954291666666668,1.5201811666666667,2.069231754513952
rolling,1785523226.5769982,,312.213659286499,4,1.4959210555555555,1.5206730555555554,2.1071616306869903
rolling,1785523226.6750562,,308.4099292755127,4,1.4746838333333336,1.5312916666666665,4.025017636572784
rolling,1785523226.7749302,,309.66830253601074,4,1.488094666666667,1.50447,1.2716833795319076
coherent,1785523226.8750951,531,298.0968952178955,4,1.4848930555555555,1.5012683888888891,1.5160098311719148
rolling,1785523226.8750951,,298.0968952178955,4,1.4848930555555555,1.5012683888888891,1.5160098311719148
rolling,1785523226.9850311,,309.97490882873535,4,1.4844011666666668,1.5007764999999997,1.5618148213252026
rolling,1785523227.0873446,,312.41440773010254,4,1.502209166666667,1.4918724999999997,0.8422391205062694
rolling,1785523227.1849623,,309.86714363098145,4,1.4982731666666669,1.4997444999999998,0.17456327251488143
coherent,1785523227.2866454,532,301.61428451538086,4,1.505876777777778,1.5073481111111109,0.9409104843215218
rolling,1785523227.2866454,,301.61428451538086,4,1.505876777777778,1.5073481111111109,0.9409104843215218
rolling,1785523227.3983912,,311.0466003417969,4,1.509818111111111,1.5112894444444442,1.496151267934883
rolling,1785523227.4982822,,313.3199214935303,4,1.5171531111111114,1.507621944444444,1.8770275914443166
rolling,1785523227.5950406,,308.3951473236084,4,1.5147075555555558,1.5125130555555553,1.9310327541400558
coherent,1785523227.6966205,533,298.2292175292969,4,1.5056199444444445,1.5034254444444446,0.6581598985096142
rolling,1785523227.6966205,,298.2292175292969,4,1.5056199444444445,1.5034254444444446,0.6581598985096142
rolling,1785523227.8051214,,306.8392276763916,4,1.508585277777777,1.5063907777777779,1.0702758295249502
rolling,1785523227.9063497,,311.3090991973877,4,1.5032111666666663,1.5090778333333335,0.9629052361935145
rolling,1785523228.0087063,,312.0858669281006,4,1.4998060555555552,1.5158880555555558,1.5889239244972038
coherent,1785523228.1059842,534,300.86278915405273,4,1.5062078333333333,1.5222898333333332,2.3138147391747186
rolling,1785523228.1059842,,300.86278915405273,4,1.5062078333333333,1.5222898333333332,2.3138147391747186
rolling,1785523228.2162855,,309.9358081817627,4,1.5037361666666662,1.5198181666666668,2.016726732576555
rolling,1785523228.3170583,,308.351993560791,4,1.5081351666666665,1.5176186666666667,1.9406142115463147
rolling,1785523228.4151132,,309.128999710083,4,1.5110525000000001,1.5117839999999996,1.6156126152329735
coherent,1785523228.5153277,535,299.0422248840332,4,1.5063816666666665,1.5071131666666666,0.9556296849314564
rolling,1785523228.5153277,,299.0422248840332,4,1.5063816666666665,1.5071131666666666,0.9556296849314564
rolling,1785523228.6301196,,313.0612373352051,4,1.509348333333333,1.5100798333333338,1.3747522545495032
rolling,1785523228.7253678,,310.2545738220215,4,1.4931306666666666,1.518188666666667,1.9442616479156585
rolling,1785523228.8251822,,309.85450744628906,4,1.4943509444444447,1.5157481111111109,1.6730655463479098
coherent,1785523228.926712,536,296.59247398376465,4,1.4973056111111112,1.5187027777777782,1.88958627241394
rolling,1785523228.926712,,296.59247398376465,4,1.4973056111111112,1.5187027777777782,1.88958627241394
rolling,1785523229.0364,,311.0322952270508,4,1.5057546111111106,1.5271517777777783,2.7754902009086164
rolling,1785523229.135185,,310.00280380249023,4,1.518552388888889,1.5207528888888893,2.78365502661367
rolling,1785523229.2351093,,308.3972930908203,4,1.5139301111111114,1.5299974444444444,3.3074078502135755
coherent,1785523229.3323197,537,295.91965675354004,4,1.5141756111111118,1.530242944444444,3.3400353876017643
rolling,1785523229.3323197,,295.91965675354004,4,1.5141756111111118,1.530242944444444,3.3400353876017643
rolling,1785523229.445126,,309.94105339050293,4,1.5057266111111112,1.5217939444444442,2.253375444228991
rolling,1785523229.5449667,,309.8573684692383,4,1.5086586111111109,1.5203279444444444,2.2095177566832795
rolling,1785523229.6450732,,312.75343894958496,4,1.5140143888888886,1.509616388888889,1.6996412303523099
coherent,1785523229.7449512,538,299.82519149780273,4,1.5171957777777776,1.5127977777777781,2.1435435368382447
rolling,1785523229.7449512,,299.82519149780273,4,1.5171957777777776,1.5127977777777781,2.1435435368382447
rolling,1785523229.8557293,,310.7626438140869,4,1.5097941111111113,1.505396111111111,1.1182246088342376
rolling,1785523229.956912,,311.83886528015137,4,1.4841176666666662,1.5182343333333335,2.4181385903670636
rolling,1785523230.0596454,,314.6941661834717,4,1.4855876666666663,1.5152943333333333,2.1015041856304535
coherent,1785523230.1556222,539,299.8929023742676,4,1.4799462777777779,1.5096529444444442,2.2256035392979845
rolling,1785523230.1556222,,299.8929023742676,4,1.4799462777777779,1.5096529444444442,2.2256035392979845
rolling,1785523230.2652292,,308.3171844482422,4,1.4848751666666664,1.5145818333333334,2.100929429376989
rolling,1785523230.3650146,,305.36913871765137,4,1.5022235000000002,1.5059076666666664,0.6312248228202234
rolling,1785523230.4675856,,311.9633197784424,4,1.504928888888889,1.500496888888889,0.4953871642151682
coherent,1785523230.5650423,540,299.81303215026855,4,1.5081247222222225,1.5036927222222218,0.8924534083007748
rolling,1785523230.5650423,,299.81303215026855,4,1.5081247222222225,1.5036927222222218,0.8924534083007748
rolling,1785523230.6752088,,310.1942539215088,4,1.5076308333333333,1.5031988333333333,0.8274185884759531
rolling,1785523230.7762523,,308.6667060852051,4,1.5061544999999996,1.503937,0.7306013909786645
rolling,1785523230.8761814,,311.1391067504883,4,1.5068946666666663,1.5024566666666666,0.7319264960059141
coherent,1785523230.975852,541,300.6432056427002,4,1.5064042222222218,1.5019662222222223,0.6699260563581665
rolling,1785523230.975852,,300.6432056427002,4,1.5064042222222218,1.5019662222222223,0.6699260563581665
rolling,1785523231.0857882,,309.5359802246094,4,1.4926655555555555,1.4882275555555557,1.3870274817254689
rolling,1785523231.1902866,,314.1052722930908,4,1.488718888888889,1.4902008888888891,1.4942758997893604
rolling,1785523231.2906125,,314.7604465484619,4,1.4842928888888889,1.499052888888889,1.5735639768168952
coherent,1785523231.3850543,542,299.26609992980957,4,1.4828188888888887,1.4975788888888888,1.7350860440470923
rolling,1785523231.3850543,,299.26609992980957,4,1.4828188888888887,1.4975788888888888,1.7350860440470923
rolling,1785523231.494932,,304.645299911499,4,1.5074744444444446,1.5222344444444447,2.3457149006351656
rolling,1785523231.5950537,,304.4412136077881,4,1.514371777777778,1.5187857777777778,2.3652768193382485
rolling,1785523231.695584,,310.5297088623047,4,1.5104677777777782,1.5265937777777778,2.8579772359113997
coherent,1785523231.795679,543,300.7471561431885,4,1.5134117777777778,1.5295377777777777,3.2440038520474515
rolling,1785523231.795679,,300.7471561431885,4,1.5134117777777778,1.5295377777777777,3.2440038520474515
rolling,1785523231.9135003,,318.4466361999512,4,1.5044717777777779,1.5205977777777777,2.1077600572089352
rolling,1785523232.006885,,311.30099296569824,4,1.507414444444444,1.5191264444444446,2.0513285049113166
rolling,1785523232.131128,,335.4489803314209,4,1.5054731111111106,1.5230091111111113,2.3651091715986934
coherent,1785523232.2075965,544,294.0962314605713,4,1.5032666111111106,1.5208026111111113,2.1057525428961514
rolling,1785523232.2075965,,294.0962314605713,4,1.5032666111111106,1.5208026111111113,2.1057525428961514
rolling,1785523232.3121982,,305.3131103515625,4,1.5087213888888888,1.5262573888888888,2.7667907319014517
rolling,1785523232.4187074,,287.5792980194092,4,1.520896388888889,1.5201698888888888,2.904278716627934
rolling,1785523232.5151618,,307.56521224975586,4,1.522837722222222,1.5162872222222226,2.8050582240221575
coherent,1785523232.6168478,545,304.64959144592285,4,1.5240646666666668,1.5175141666666667,2.976330317363256
rolling,1785523232.6168478,,304.64959144592285,4,1.5240646666666668,1.5175141666666667,2.976330317363256
rolling,1785523232.72513,,306.4227104187012,4,1.5210860000000004,1.5145354999999996,2.561054775380652
rolling,1785523232.8251002,,309.9384307861328,4,1.5054771111111112,1.5223399444444443,2.300156220573541
rolling,1785523232.9252486,,308.40086936950684,4,1.5088915555555555,1.5155110555555555,1.7878831187889803
coherent,1785523233.0267932,546,301.6631603240967,4,1.5120686111111115,1.5186881111111108,2.224627768981736
rolling,1785523233.0267932,,301.6631603240967,4,1.5120686111111115,1.5186881111111108,2.224627768981736
rolling,1785523233.1350288,,309.92865562438965,4,1.4948525000000001,1.5014720000000001,0.5353834163475646
rolling,1785523233.2351155,,309.86690521240234,4,1.4953437222222223,1.501226388888889,0.48150755394507133
rolling,1785523233.3349094,,308.11619758605957,4,1.4933899444444447,1.5051339444444445,0.8369600946650293
